{"bits": [], "commands": [{"args": [["q", [1]]], "op": {"type": "H"}}, {"args": [["q", [2]]], "op": {"type": "H"}}, {"args": [["q", [3]]], "op": {"type": "H"}}, {"args": [["q", [5]]], "op": {"params": ["-0.5"], "type": "Rz"}}, {"args": [["q", [6]]], "op": {"params": ["-0.5"], "type": "Rz"}}, {"args": [["q", [7]]], "op": {"params": ["1.5"], "type": "Rz"}}, {"args": [["q", [8]]], "op": {"type": "H"}}, {"args": [["q", [9]]], "op": {"type": "H"}}, {"args": [["q", [1]]], "op": {"params": ["-1.5"], "type": "Rz"}}, {"args": [["q", [2]]], "op": {"params": ["-1.5"], "type": "Rz"}}, {"args": [["q", [3]]], "op": {"params": ["-3.5"], "type": "Rz"}}, {"args": [["q", [6]]], "op": {"type": "H"}}, {"args": [["q", [8]]], "op": {"params": ["-1.5"], "type": "Rz"}}, {"args": [["q", [6]]], "op": {"params": ["-2.5"], "type": "Rz"}}, {"args": [["q", [6]], ["q", [0]]], "op": {"params": ["1.0"], "type": "CU1"}}, {"args": [["q", [0]]], "op": {"type": "H"}}, {"args": [["q", [0]]], "op": {"params": ["0.1*-1.0"], "type": "Rz"}}, {"args": [["q", [0]]], "op": {"type": "H"}}, {"args": [["q", [6]], ["q", [0]]], "op": {"params": ["1.0"], "type": "CU1"}}, {"args": [["q", [0]]], "op": {"type": "H"}}, {"args": [["q", [6]]], "op": {"type": "H"}}, {"args": [["q", [0]]], "op": {"params": ["0.5"], "type": "Rz"}}, {"args": [["q", [6]], ["q", [2]]], "op": {"params": ["1.0"], "type": "CU1"}}, {"args": [["q", [8]], ["q", [0]]], "op": {"params": ["1.0"], "type": "CU1"}}, {"args": [["q", [2]]], "op": {"type": "H"}}, {"args": [["q", [0]]], "op": {"type": "H"}}, {"args": [["q", [2]]], "op": {"params": ["0.1*-1.0"], "type": "Rz"}}, {"args": [["q", [0]]], "op": {"params": ["0.1*-1.0"], "type": "Rz"}}, {"args": [["q", [2]]], "op": {"type": "H"}}, {"args": [["q", [0]]], "op": {"type": "H"}}, {"args": [["q", [2]]], "op": {"params": ["-0.5"], "type": "Rz"}}, {"args": [["q", [8]], ["q", [0]]], "op": {"params": ["1.0"], "type": "CU1"}}, {"args": [["q", [6]], ["q", [2]]], "op": {"params": ["1.0"], "type": "CU1"}}, {"args": [["q", [6]], ["q", [0]]], "op": {"params": ["1.0"], "type": "CU1"}}, {"args": [["q", [2]]], "op": {"type": "H"}}, {"args": [["q", [8]]], "op": {"type": "H"}}, {"args": [["q", [0]]], "op": {"type": "H"}}, {"args": [["q", [8]], ["q", [2]]], "op": {"params": ["1.0"], "type": "CU1"}}, {"args": [["q", [0]]], "op": {"params": ["0.1*-1.0"], "type": "Rz"}}, {"args": [["q", [2]]], "op": {"type": "H"}}, {"args": [["q", [0]]], "op": {"type": "H"}}, {"args": [["q", [2]]], "op": {"params": ["0.1*-1.0"], "type": "Rz"}}, {"args": [["q", [0]]], "op": {"params": ["-0.5"], "type": "Rz"}}, {"args": [["q", [2]]], "op": {"type": "H"}}, {"args": [["q", [6]], ["q", [0]]], "op": {"params": ["1.0"], "type": "CU1"}}, {"args": [["q", [8]], ["q", [2]]], "op": {"params": ["1.0"], "type": "CU1"}}, {"args": [["q", [0]]], "op": {"type": "H"}}, {"args": [["q", [6]]], "op": {"type": "H"}}, {"args": [["q", [8]], ["q", [0]]], "op": {"params": ["1.0"], "type": "CU1"}}, {"args": [["q", [6]], ["q", [4]]], "op": {"params": ["1.0"], "type": "CU1"}}, {"args": [["q", [0]]], "op": {"type": "H"}}, {"args": [["q", [4]]], "op": {"type": "H"}}, {"args": [["q", [0]]], "op": {"params": ["0.1*-1.0"], "type": "Rz"}}, {"args": [["q", [4]]], "op": {"params": ["0.1*-1.0"], "type": "Rz"}}, {"args": [["q", [0]]], "op": {"type": "H"}}, {"args": [["q", [4]]], "op": {"type": "H"}}, {"args": [["q", [8]], ["q", [0]]], "op": {"params": ["1.0"], "type": "CU1"}}, {"args": [["q", [6]], ["q", [4]]], "op": {"params": ["1.0"], "type": "CU1"}}, {"args": [["q", [6]], ["q", [2]]], "op": {"params": ["1.0"], "type": "CU1"}}, {"args": [["q", [4]]], "op": {"type": "H"}}, {"args": [["q", [8]]], "op": {"type": "H"}}, {"args": [["q", [2]]], "op": {"type": "H"}}, {"args": [["q", [4]]], "op": {"params": ["0.5"], "type": "Rz"}}, {"args": [["q", [2]]], "op": {"params": ["0.1*-1.0"], "type": "Rz"}}, {"args": [["q", [2]]], "op": {"type": "H"}}, {"args": [["q", [6]], ["q", [2]]], "op": {"params": ["1.0"], "type": "CU1"}}, {"args": [["q", [2]]], "op": {"type": "H"}}, {"args": [["q", [6]]], "op": {"type": "H"}}, {"args": [["q", [2]]], "op": {"params": ["0.5"], "type": "Rz"}}, {"args": [["q", [6]]], "op": {"params": ["1.5"], "type": "Rz"}}, {"args": [["q", [6]], ["q", [4]]], "op": {"params": ["1.0"], "type": "CU1"}}, {"args": [["q", [4]]], "op": {"type": "H"}}, {"args": [["q", [4]]], "op": {"params": ["0.1*-1.0"], "type": "Rz"}}, {"args": [["q", [4]]], "op": {"type": "H"}}, {"args": [["q", [6]], ["q", [4]]], "op": {"params": ["1.0"], "type": "CU1"}}, {"args": [["q", [8]], ["q", [4]]], "op": {"params": ["1.0"], "type": "CU1"}}, {"args": [["q", [6]]], "op": {"type": "H"}}, {"args": [["q", [4]]], "op": {"type": "H"}}, {"args": [["q", [4]]], "op": {"params": ["0.1*-1.0"], "type": "Rz"}}, {"args": [["q", [4]]], "op": {"type": "H"}}, {"args": [["q", [4]]], "op": {"params": ["-0.5"], "type": "Rz"}}, {"args": [["q", [8]], ["q", [4]]], "op": {"params": ["1.0"], "type": "CU1"}}, {"args": [["q", [8]], ["q", [2]]], "op": {"params": ["1.0"], "type": "CU1"}}, {"args": [["q", [4]]], "op": {"type": "H"}}, {"args": [["q", [2]]], "op": {"type": "H"}}, {"args": [["q", [2]]], "op": {"params": ["0.1*-1.0"], "type": "Rz"}}, {"args": [["q", [2]]], "op": {"type": "H"}}, {"args": [["q", [2]]], "op": {"params": ["-0.5"], "type": "Rz"}}, {"args": [["q", [8]], ["q", [2]]], "op": {"params": ["1.0"], "type": "CU1"}}, {"args": [["q", [8]]], "op": {"type": "H"}}, {"args": [["q", [8]]], "op": {"params": ["-1.5"], "type": "Rz"}}, {"args": [["q", [8]], ["q", [4]]], "op": {"params": ["1.0"], "type": "CU1"}}, {"args": [["q", [4]]], "op": {"type": "H"}}, {"args": [["q", [4]]], "op": {"params": ["0.1*-1.0"], "type": "Rz"}}, {"args": [["q", [4]]], "op": {"type": "H"}}, {"args": [["q", [8]], ["q", [4]]], "op": {"params": ["1.0"], "type": "CU1"}}, {"args": [["q", [8]]], "op": {"type": "H"}}, {"args": [["q", [8]]], "op": {"params": ["0.5"], "type": "Rz"}}, {"args": [["q", [9]], ["q", [8]]], "op": {"params": ["1.0"], "type": "CU1"}}, {"args": [["q", [8]]], "op": {"type": "H"}}, {"args": [["q", [8]], ["q", [1]]], "op": {"params": ["1.0"], "type": "CU1"}}, {"args": [["q", [1]]], "op": {"type": "H"}}, {"args": [["q", [1]], ["q", [0]]], "op": {"params": ["1.0"], "type": "CU1"}}, {"args": [["q", [0]]], "op": {"type": "H"}}, {"args": [["q", [0]], ["q", [7]]], "op": {"params": ["1.0"], "type": "CU1"}}, {"args": [["q", [7]]], "op": {"type": "H"}}, {"args": [["q", [7]]], "op": {"params": ["-1/2"], "type": "Rz"}}, {"args": [["q", [7]], ["q", [3]]], "op": {"params": ["1.0"], "type": "CU1"}}, {"args": [["q", [6]], ["q", [3]]], "op": {"params": ["1.0"], "type": "CU1"}}, {"args": [["q", [7]]], "op": {"type": "H"}}, {"args": [["q", [7]], ["q", [2]]], "op": {"params": ["1.0"], "type": "CU1"}}, {"args": [["q", [3]]], "op": {"type": "H"}}, {"args": [["q", [2]]], "op": {"type": "H"}}, {"args": [["q", [3]]], "op": {"params": ["0.1*-0.5"], "type": "Rz"}}, {"args": [["q", [2]]], "op": {"params": ["0.1*0.5"], "type": "Rz"}}, {"args": [["q", [3]]], "op": {"type": "H"}}, {"args": [["q", [2]]], "op": {"type": "H"}}, {"args": [["q", [3]]], "op": {"params": ["1.5"], "type": "Rz"}}, {"args": [["q", [7]], ["q", [2]]], "op": {"params": ["1.0"], "type": "CU1"}}, {"args": [["q", [6]], ["q", [3]]], "op": {"params": ["1.0"], "type": "CU1"}}, {"args": [["q", [6]]], "op": {"type": "H"}}, {"args": [["q", [7]]], "op": {"type": "H"}}, {"args": [["q", [7]]], "op": {"params": ["1/2"], "type": "Rz"}}, {"args": [["q", [7]], ["q", [3]]], "op": {"params": ["1.0"], "type": "CU1"}}, {"args": [["q", [7]]], "op": {"type": "H"}}, {"args": [["q", [0]], ["q", [7]]], "op": {"params": ["1.0"], "type": "CU1"}}, {"args": [["q", [0]]], "op": {"type": "H"}}, {"args": [["q", [7]]], "op": {"type": "H"}}, {"args": [["q", [1]], ["q", [0]]], "op": {"params": ["1.0"], "type": "CU1"}}, {"args": [["q", [7]]], "op": {"params": ["-0.5"], "type": "Rz"}}, {"args": [["q", [0]], ["q", [2]]], "op": {"params": ["1.0"], "type": "CU1"}}, {"args": [["q", [1]]], "op": {"type": "H"}}, {"args": [["q", [0]], ["q", [6]]], "op": {"params": ["1.0"], "type": "CU1"}}, {"args": [["q", [8]], ["q", [1]]], "op": {"params": ["1.0"], "type": "CU1"}}, {"args": [["q", [2]]], "op": {"type": "H"}}, {"args": [["q", [1]]], "op": {"type": "H"}}, {"args": [["q", [6]]], "op": {"type": "H"}}, {"args": [["q", [8]]], "op": {"type": "H"}}, {"args": [["q", [9]], ["q", [8]]], "op": {"params": ["1.0"], "type": "CU1"}}, {"args": [["q", [8]]], "op": {"type": "H"}}, {"args": [["q", [0]], ["q", [8]]], "op": {"params": ["1.0"], "type": "CU1"}}, {"args": [["q", [0]]], "op": {"type": "H"}}, {"args": [["q", [8]]], "op": {"type": "H"}}, {"args": [["q", [0]]], "op": {"params": ["-3.5"], "type": "Rz"}}, {"args": [["q", [1]], ["q", [0]]], "op": {"params": ["1.0"], "type": "CU1"}}, {"args": [["q", [3]], ["q", [0]]], "op": {"params": ["1.0"], "type": "CU1"}}, {"args": [["q", [7]], ["q", [0]]], "op": {"params": ["1.0"], "type": "CU1"}}, {"args": [["q", [9]], ["q", [0]]], "op": {"params": ["1.0"], "type": "CU1"}}, {"args": [["q", [0]]], "op": {"type": "H"}}, {"args": [["q", [0]]], "op": {"params": ["0.1*0.5"], "type": "Rz"}}, {"args": [["q", [0]]], "op": {"type": "H"}}, {"args": [["q", [8]], ["q", [0]]], "op": {"params": ["1.0"], "type": "CU1"}}, {"args": [["q", [0]]], "op": {"type": "H"}}, {"args": [["q", [0]]], "op": {"params": ["0.1*0.5"], "type": "Rz"}}, {"args": [["q", [0]]], "op": {"type": "H"}}, {"args": [["q", [2]], ["q", [0]]], "op": {"params": ["1.0"], "type": "CU1"}}, {"args": [["q", [6]], ["q", [0]]], "op": {"params": ["1.0"], "type": "CU1"}}, {"args": [["q", [0]]], "op": {"type": "H"}}, {"args": [["q", [0]]], "op": {"params": ["0.1*0.5"], "type": "Rz"}}, {"args": [["q", [0]]], "op": {"type": "H"}}, {"args": [["q", [8]], ["q", [0]]], "op": {"params": ["1.0"], "type": "CU1"}}, {"args": [["q", [0]]], "op": {"type": "H"}}, {"args": [["q", [8]]], "op": {"type": "H"}}, {"args": [["q", [0]]], "op": {"params": ["0.1*0.5"], "type": "Rz"}}, {"args": [["q", [0]]], "op": {"type": "H"}}, {"args": [["q", [0]]], "op": {"params": ["11.5"], "type": "Rz"}}, {"args": [["q", [1]], ["q", [0]]], "op": {"params": ["1.0"], "type": "CU1"}}, {"args": [["q", [2]], ["q", [0]]], "op": {"params": ["1.0"], "type": "CU1"}}, {"args": [["q", [1]]], "op": {"type": "H"}}, {"args": [["q", [3]], ["q", [0]]], "op": {"params": ["1.0"], "type": "CU1"}}, {"args": [["q", [2]]], "op": {"type": "H"}}, {"args": [["q", [6]], ["q", [0]]], "op": {"params": ["1.0"], "type": "CU1"}}, {"args": [["q", [3]]], "op": {"type": "H"}}, {"args": [["q", [7]], ["q", [0]]], "op": {"params": ["1.0"], "type": "CU1"}}, {"args": [["q", [3]]], "op": {"params": ["-0.5"], "type": "Rz"}}, {"args": [["q", [6]]], "op": {"type": "H"}}, {"args": [["q", [9]], ["q", [0]]], "op": {"params": ["1.0"], "type": "CU1"}}, {"args": [["q", [7]]], "op": {"type": "H"}}, {"args": [["q", [0]]], "op": {"type": "H"}}, {"args": [["q", [7]]], "op": {"params": ["1.5"], "type": "Rz"}}, {"args": [["q", [0]]], "op": {"params": ["1.5"], "type": "Rz"}}, {"args": [["q", [3]], ["q", [7]]], "op": {"params": ["1.0"], "type": "CU1"}}, {"args": [["q", [0]], ["q", [8]]], "op": {"params": ["1.0"], "type": "CU1"}}, {"args": [["q", [7]]], "op": {"type": "H"}}, {"args": [["q", [0]], ["q", [6]]], "op": {"params": ["1.0"], "type": "CU1"}}, {"args": [["q", [8]]], "op": {"type": "H"}}, {"args": [["q", [0]], ["q", [2]]], "op": {"params": ["1.0"], "type": "CU1"}}, {"args": [["q", [3]], ["q", [8]]], "op": {"params": ["1.0"], "type": "CU1"}}, {"args": [["q", [0]]], "op": {"type": "H"}}, {"args": [["q", [3]]], "op": {"type": "H"}}, {"args": [["q", [8]]], "op": {"type": "H"}}, {"args": [["q", [0]]], "op": {"params": ["-0.5"], "type": "Rz"}}, {"args": [["q", [0]], ["q", [2]]], "op": {"params": ["1.0"], "type": "CU1"}}, {"args": [["q", [0]], ["q", [6]]], "op": {"params": ["1.0"], "type": "CU1"}}, {"args": [["q", [2]]], "op": {"type": "H"}}, {"args": [["q", [0]]], "op": {"type": "H"}}, {"args": [["q", [2]], ["q", [1]]], "op": {"params": ["1.0"], "type": "CU1"}}, {"args": [["q", [6]]], "op": {"type": "H"}}, {"args": [["q", [3]], ["q", [1]]], "op": {"params": ["1.0"], "type": "CU1"}}, {"args": [["q", [8]], ["q", [1]]], "op": {"params": ["1.0"], "type": "CU1"}}, {"args": [["q", [9]], ["q", [1]]], "op": {"params": ["1.0"], "type": "CU1"}}, {"args": [["q", [1]]], "op": {"type": "H"}}, {"args": [["q", [1]]], "op": {"params": ["0.1*0.5"], "type": "Rz"}}, {"args": [["q", [1]]], "op": {"type": "H"}}, {"args": [["q", [2]], ["q", [1]]], "op": {"params": ["1.0"], "type": "CU1"}}, {"args": [["q", [6]], ["q", [1]]], "op": {"params": ["1.0"], "type": "CU1"}}, {"args": [["q", [7]], ["q", [1]]], "op": {"params": ["1.0"], "type": "CU1"}}, {"args": [["q", [1]]], "op": {"type": "H"}}, {"args": [["q", [1]]], "op": {"params": ["0.1*0.5"], "type": "Rz"}}, {"args": [["q", [1]]], "op": {"type": "H"}}, {"args": [["q", [0]], ["q", [1]]], "op": {"params": ["1.0"], "type": "CU1"}}, {"args": [["q", [8]], ["q", [1]]], "op": {"params": ["1.0"], "type": "CU1"}}, {"args": [["q", [1]]], "op": {"type": "H"}}, {"args": [["q", [8]]], "op": {"type": "H"}}, {"args": [["q", [1]]], "op": {"params": ["0.1*-0.5"], "type": "Rz"}}, {"args": [["q", [1]]], "op": {"type": "H"}}, {"args": [["q", [2]], ["q", [1]]], "op": {"params": ["1.0"], "type": "CU1"}}, {"args": [["q", [6]], ["q", [1]]], "op": {"params": ["1.0"], "type": "CU1"}}, {"args": [["q", [1]]], "op": {"type": "H"}}, {"args": [["q", [6]]], "op": {"type": "H"}}, {"args": [["q", [1]]], "op": {"params": ["0.1*-0.5"], "type": "Rz"}}, {"args": [["q", [1]]], "op": {"type": "H"}}, {"args": [["q", [1]]], "op": {"params": ["9.5"], "type": "Rz"}}, {"args": [["q", [2]], ["q", [1]]], "op": {"params": ["1.0"], "type": "CU1"}}, {"args": [["q", [3]], ["q", [1]]], "op": {"params": ["1.0"], "type": "CU1"}}, {"args": [["q", [2]]], "op": {"type": "H"}}, {"args": [["q", [7]], ["q", [1]]], "op": {"params": ["1.0"], "type": "CU1"}}, {"args": [["q", [3]]], "op": {"type": "H"}}, {"args": [["q", [9]], ["q", [1]]], "op": {"params": ["1.0"], "type": "CU1"}}, {"args": [["q", [3]]], "op": {"params": ["-1.5"], "type": "Rz"}}, {"args": [["q", [7]]], "op": {"type": "H"}}, {"args": [["q", [0]], ["q", [1]]], "op": {"params": ["1.0"], "type": "CU1"}}, {"args": [["q", [3]], ["q", [8]]], "op": {"params": ["1.0"], "type": "CU1"}}, {"args": [["q", [0]]], "op": {"type": "H"}}, {"args": [["q", [1]]], "op": {"type": "H"}}, {"args": [["q", [3]], ["q", [7]]], "op": {"params": ["1.0"], "type": "CU1"}}, {"args": [["q", [0]]], "op": {"params": ["-1.5"], "type": "Rz"}}, {"args": [["q", [3]]], "op": {"type": "H"}}, {"args": [["q", [0]], ["q", [6]]], "op": {"params": ["1.0"], "type": "CU1"}}, {"args": [["q", [1]], ["q", [3]]], "op": {"params": ["1.0"], "type": "CU1"}}, {"args": [["q", [0]], ["q", [2]]], "op": {"params": ["1.0"], "type": "CU1"}}, {"args": [["q", [1]], ["q", [7]]], "op": {"params": ["1.0"], "type": "CU1"}}, {"args": [["q", [3]]], "op": {"type": "H"}}, {"args": [["q", [6]]], "op": {"type": "H"}}, {"args": [["q", [0]]], "op": {"type": "H"}}, {"args": [["q", [1]], ["q", [9]]], "op": {"params": ["1.0"], "type": "CU1"}}, {"args": [["q", [2]]], "op": {"type": "H"}}, {"args": [["q", [6]]], "op": {"params": ["1.5"], "type": "Rz"}}, {"args": [["q", [7]]], "op": {"type": "H"}}, {"args": [["q", [0]]], "op": {"params": ["-3.5"], "type": "Rz"}}, {"args": [["q", [1]]], "op": {"type": "H"}}, {"args": [["q", [2]]], "op": {"params": ["1.5"], "type": "Rz"}}, {"args": [["q", [9]]], "op": {"type": "H"}}, {"args": [["q", [1]]], "op": {"params": ["-3.5"], "type": "Rz"}}, {"args": [["q", [3]], ["q", [1]]], "op": {"params": ["1.0"], "type": "CU1"}}, {"args": [["q", [8]], ["q", [1]]], "op": {"params": ["1.0"], "type": "CU1"}}, {"args": [["q", [1]]], "op": {"type": "H"}}, {"args": [["q", [1]]], "op": {"params": ["0.1*-0.5"], "type": "Rz"}}, {"args": [["q", [1]]], "op": {"type": "H"}}, {"args": [["q", [2]], ["q", [1]]], "op": {"params": ["1.0"], "type": "CU1"}}, {"args": [["q", [3]], ["q", [1]]], "op": {"params": ["1.0"], "type": "CU1"}}, {"args": [["q", [6]], ["q", [1]]], "op": {"params": ["1.0"], "type": "CU1"}}, {"args": [["q", [7]], ["q", [1]]], "op": {"params": ["1.0"], "type": "CU1"}}, {"args": [["q", [1]]], "op": {"type": "H"}}, {"args": [["q", [1]]], "op": {"params": ["0.1*-0.5"], "type": "Rz"}}, {"args": [["q", [1]]], "op": {"type": "H"}}, {"args": [["q", [0]], ["q", [1]]], "op": {"params": ["1.0"], "type": "CU1"}}, {"args": [["q", [8]], ["q", [1]]], "op": {"params": ["1.0"], "type": "CU1"}}, {"args": [["q", [9]], ["q", [1]]], "op": {"params": ["1.0"], "type": "CU1"}}, {"args": [["q", [8]]], "op": {"type": "H"}}, {"args": [["q", [1]]], "op": {"type": "H"}}, {"args": [["q", [1]]], "op": {"params": ["0.1*-0.5"], "type": "Rz"}}, {"args": [["q", [1]]], "op": {"type": "H"}}, {"args": [["q", [2]], ["q", [1]]], "op": {"params": ["1.0"], "type": "CU1"}}, {"args": [["q", [3]], ["q", [1]]], "op": {"params": ["1.0"], "type": "CU1"}}, {"args": [["q", [2]]], "op": {"type": "H"}}, {"args": [["q", [6]], ["q", [1]]], "op": {"params": ["1.0"], "type": "CU1"}}, {"args": [["q", [2]]], "op": {"params": ["1.5"], "type": "Rz"}}, {"args": [["q", [7]], ["q", [1]]], "op": {"params": ["1.0"], "type": "CU1"}}, {"args": [["q", [1]]], "op": {"type": "H"}}, {"args": [["q", [7]]], "op": {"type": "H"}}, {"args": [["q", [1]]], "op": {"params": ["0.1*-0.5"], "type": "Rz"}}, {"args": [["q", [7]]], "op": {"params": ["2.5"], "type": "Rz"}}, {"args": [["q", [1]]], "op": {"type": "H"}}, {"args": [["q", [1]]], "op": {"params": ["5.5"], "type": "Rz"}}, {"args": [["q", [3]], ["q", [1]]], "op": {"params": ["1.0"], "type": "CU1"}}, {"args": [["q", [9]], ["q", [1]]], "op": {"params": ["1.0"], "type": "CU1"}}, {"args": [["q", [3]]], "op": {"type": "H"}}, {"args": [["q", [0]], ["q", [1]]], "op": {"params": ["1.0"], "type": "CU1"}}, {"args": [["q", [9]]], "op": {"type": "H"}}, {"args": [["q", [1]]], "op": {"type": "H"}}, {"args": [["q", [9]]], "op": {"params": ["-1.5"], "type": "Rz"}}, {"args": [["q", [1]], ["q", [9]]], "op": {"params": ["1.0"], "type": "CU1"}}, {"args": [["q", [1]], ["q", [7]]], "op": {"params": ["1.0"], "type": "CU1"}}, {"args": [["q", [9]]], "op": {"type": "H"}}, {"args": [["q", [1]], ["q", [3]]], "op": {"params": ["1.0"], "type": "CU1"}}, {"args": [["q", [9]], ["q", [7]]], "op": {"params": ["1.0"], "type": "CU1"}}, {"args": [["q", [3]]], "op": {"type": "H"}}, {"args": [["q", [7]]], "op": {"type": "H"}}, {"args": [["q", [7]], ["q", [3]]], "op": {"params": ["1.0"], "type": "CU1"}}, {"args": [["q", [3]]], "op": {"type": "H"}}, {"args": [["q", [3]], ["q", [1]]], "op": {"params": ["1.0"], "type": "CU1"}}, {"args": [["q", [1]]], "op": {"type": "H"}}, {"args": [["q", [1]], ["q", [6]]], "op": {"params": ["1.0"], "type": "CU1"}}, {"args": [["q", [6]]], "op": {"type": "H"}}, {"args": [["q", [6]]], "op": {"params": ["-1/2"], "type": "Rz"}}, {"args": [["q", [6]], ["q", [2]]], "op": {"params": ["1.0"], "type": "CU1"}}, {"args": [["q", [2]]], "op": {"type": "H"}}, {"args": [["q", [6]]], "op": {"type": "H"}}, {"args": [["q", [2]]], "op": {"params": ["0.1*-0.5"], "type": "Rz"}}, {"args": [["q", [6]]], "op": {"params": ["0.1*-0.5"], "type": "Rz"}}, {"args": [["q", [2]]], "op": {"type": "H"}}, {"args": [["q", [6]]], "op": {"type": "H"}}, {"args": [["q", [6]]], "op": {"params": ["1/2"], "type": "Rz"}}, {"args": [["q", [6]], ["q", [2]]], "op": {"params": ["1.0"], "type": "CU1"}}, {"args": [["q", [2]]], "op": {"type": "H"}}, {"args": [["q", [6]]], "op": {"type": "H"}}, {"args": [["q", [2]]], "op": {"params": ["1.5"], "type": "Rz"}}, {"args": [["q", [6]]], "op": {"params": ["0.5"], "type": "Rz"}}, {"args": [["q", [0]], ["q", [2]]], "op": {"params": ["1.0"], "type": "CU1"}}, {"args": [["q", [1]], ["q", [6]]], "op": {"params": ["1.0"], "type": "CU1"}}, {"args": [["q", [1]]], "op": {"type": "H"}}, {"args": [["q", [2]]], "op": {"type": "H"}}, {"args": [["q", [6]]], "op": {"type": "H"}}, {"args": [["q", [0]], ["q", [6]]], "op": {"params": ["1.0"], "type": "CU1"}}, {"args": [["q", [1]]], "op": {"params": ["1.5"], "type": "Rz"}}, {"args": [["q", [0]]], "op": {"type": "H"}}, {"args": [["q", [3]], ["q", [1]]], "op": {"params": ["1.0"], "type": "CU1"}}, {"args": [["q", [6]]], "op": {"type": "H"}}, {"args": [["q", [0]]], "op": {"params": ["-1.5"], "type": "Rz"}}, {"args": [["q", [1]]], "op": {"type": "H"}}, {"args": [["q", [3]]], "op": {"type": "H"}}, {"args": [["q", [1]]], "op": {"params": ["1.5"], "type": "Rz"}}, {"args": [["q", [7]], ["q", [3]]], "op": {"params": ["1.0"], "type": "CU1"}}, {"args": [["q", [1]], ["q", [0]]], "op": {"params": ["1.0"], "type": "CU1"}}, {"args": [["q", [3]]], "op": {"type": "H"}}, {"args": [["q", [7]]], "op": {"type": "H"}}, {"args": [["q", [3]], ["q", [0]]], "op": {"params": ["1.0"], "type": "CU1"}}, {"args": [["q", [9]], ["q", [7]]], "op": {"params": ["1.0"], "type": "CU1"}}, {"args": [["q", [7]]], "op": {"type": "H"}}, {"args": [["q", [9]]], "op": {"type": "H"}}, {"args": [["q", [7]], ["q", [0]]], "op": {"params": ["1.0"], "type": "CU1"}}, {"args": [["q", [9]]], "op": {"params": ["-0.5"], "type": "Rz"}}, {"args": [["q", [8]], ["q", [0]]], "op": {"params": ["1.0"], "type": "CU1"}}, {"args": [["q", [9]], ["q", [0]]], "op": {"params": ["1.0"], "type": "CU1"}}, {"args": [["q", [0]]], "op": {"type": "H"}}, {"args": [["q", [0]]], "op": {"params": ["0.1*-0.5"], "type": "Rz"}}, {"args": [["q", [0]]], "op": {"type": "H"}}, {"args": [["q", [6]], ["q", [0]]], "op": {"params": ["1.0"], "type": "CU1"}}, {"args": [["q", [0]]], "op": {"type": "H"}}, {"args": [["q", [0]]], "op": {"params": ["0.1*0.5"], "type": "Rz"}}, {"args": [["q", [0]]], "op": {"type": "H"}}, {"args": [["q", [2]], ["q", [0]]], "op": {"params": ["1.0"], "type": "CU1"}}, {"args": [["q", [6]], ["q", [0]]], "op": {"params": ["1.0"], "type": "CU1"}}, {"args": [["q", [0]]], "op": {"type": "H"}}, {"args": [["q", [6]]], "op": {"type": "H"}}, {"args": [["q", [0]]], "op": {"params": ["0.1*0.5"], "type": "Rz"}}, {"args": [["q", [0]]], "op": {"type": "H"}}, {"args": [["q", [0]]], "op": {"params": ["11.5"], "type": "Rz"}}, {"args": [["q", [1]], ["q", [0]]], "op": {"params": ["1.0"], "type": "CU1"}}, {"args": [["q", [2]], ["q", [0]]], "op": {"params": ["1.0"], "type": "CU1"}}, {"args": [["q", [3]], ["q", [0]]], "op": {"params": ["1.0"], "type": "CU1"}}, {"args": [["q", [2]]], "op": {"type": "H"}}, {"args": [["q", [7]], ["q", [0]]], "op": {"params": ["1.0"], "type": "CU1"}}, {"args": [["q", [8]], ["q", [0]]], "op": {"params": ["1.0"], "type": "CU1"}}, {"args": [["q", [7]]], "op": {"type": "H"}}, {"args": [["q", [9]], ["q", [0]]], "op": {"params": ["1.0"], "type": "CU1"}}, {"args": [["q", [7]]], "op": {"params": ["1.5"], "type": "Rz"}}, {"args": [["q", [0]]], "op": {"type": "H"}}, {"args": [["q", [0]], ["q", [6]]], "op": {"params": ["1.0"], "type": "CU1"}}, {"args": [["q", [0]], ["q", [2]]], "op": {"params": ["1.0"], "type": "CU1"}}, {"args": [["q", [6]]], "op": {"type": "H"}}, {"args": [["q", [0]], ["q", [3]]], "op": {"params": ["1.0"], "type": "CU1"}}, {"args": [["q", [2]]], "op": {"type": "H"}}, {"args": [["q", [0]], ["q", [7]]], "op": {"params": ["1.0"], "type": "CU1"}}, {"args": [["q", [3]]], "op": {"type": "H"}}, {"args": [["q", [0]], ["q", [8]]], "op": {"params": ["1.0"], "type": "CU1"}}, {"args": [["q", [7]]], "op": {"type": "H"}}, {"args": [["q", [1]], ["q", [0]]], "op": {"params": ["1.0"], "type": "CU1"}}, {"args": [["q", [8]]], "op": {"type": "H"}}, {"args": [["q", [3]], ["q", [0]]], "op": {"params": ["1.0"], "type": "CU1"}}, {"args": [["q", [9]], ["q", [0]]], "op": {"params": ["1.0"], "type": "CU1"}}, {"args": [["q", [0]]], "op": {"type": "H"}}, {"args": [["q", [0]]], "op": {"params": ["0.1*0.5"], "type": "Rz"}}, {"args": [["q", [0]]], "op": {"type": "H"}}, {"args": [["q", [8]], ["q", [0]]], "op": {"params": ["1.0"], "type": "CU1"}}, {"args": [["q", [0]]], "op": {"type": "H"}}, {"args": [["q", [0]]], "op": {"params": ["0.1*0.5"], "type": "Rz"}}, {"args": [["q", [0]]], "op": {"type": "H"}}, {"args": [["q", [2]], ["q", [0]]], "op": {"params": ["1.0"], "type": "CU1"}}, {"args": [["q", [3]], ["q", [0]]], "op": {"params": ["1.0"], "type": "CU1"}}, {"args": [["q", [6]], ["q", [0]]], "op": {"params": ["1.0"], "type": "CU1"}}, {"args": [["q", [3]]], "op": {"type": "H"}}, {"args": [["q", [7]], ["q", [0]]], "op": {"params": ["1.0"], "type": "CU1"}}, {"args": [["q", [0]]], "op": {"type": "H"}}, {"args": [["q", [0]]], "op": {"params": ["0.1*0.5"], "type": "Rz"}}, {"args": [["q", [0]]], "op": {"type": "H"}}, {"args": [["q", [8]], ["q", [0]]], "op": {"params": ["1.0"], "type": "CU1"}}, {"args": [["q", [0]]], "op": {"type": "H"}}, {"args": [["q", [8]]], "op": {"type": "H"}}, {"args": [["q", [0]]], "op": {"params": ["0.1*0.5"], "type": "Rz"}}, {"args": [["q", [0]]], "op": {"type": "H"}}, {"args": [["q", [1]], ["q", [0]]], "op": {"params": ["1.0"], "type": "CU1"}}, {"args": [["q", [2]], ["q", [0]]], "op": {"params": ["1.0"], "type": "CU1"}}, {"args": [["q", [1]]], "op": {"type": "H"}}, {"args": [["q", [6]], ["q", [0]]], "op": {"params": ["1.0"], "type": "CU1"}}, {"args": [["q", [2]]], "op": {"type": "H"}}, {"args": [["q", [7]], ["q", [0]]], "op": {"params": ["1.0"], "type": "CU1"}}, {"args": [["q", [6]]], "op": {"type": "H"}}, {"args": [["q", [9]], ["q", [0]]], "op": {"params": ["1.0"], "type": "CU1"}}, {"args": [["q", [7]]], "op": {"type": "H"}}, {"args": [["q", [0]], ["q", [8]]], "op": {"params": ["1.0"], "type": "CU1"}}, {"args": [["q", [0]], ["q", [7]]], "op": {"params": ["1.0"], "type": "CU1"}}, {"args": [["q", [8]]], "op": {"type": "H"}}, {"args": [["q", [0]], ["q", [3]]], "op": {"params": ["1.0"], "type": "CU1"}}, {"args": [["q", [0]], ["q", [2]]], "op": {"params": ["1.0"], "type": "CU1"}}, {"args": [["q", [3]]], "op": {"type": "H"}}, {"args": [["q", [0]], ["q", [6]]], "op": {"params": ["1.0"], "type": "CU1"}}, {"args": [["q", [2]]], "op": {"type": "H"}}, {"args": [["q", [3]], ["q", [7]]], "op": {"params": ["1.0"], "type": "CU1"}}, {"args": [["q", [0]]], "op": {"type": "H"}}, {"args": [["q", [2]], ["q", [1]]], "op": {"params": ["1.0"], "type": "CU1"}}, {"args": [["q", [3]], ["q", [8]]], "op": {"params": ["1.0"], "type": "CU1"}}, {"args": [["q", [6]]], "op": {"type": "H"}}, {"args": [["q", [7]]], "op": {"type": "H"}}, {"args": [["q", [3]]], "op": {"type": "H"}}, {"args": [["q", [8]]], "op": {"type": "H"}}, {"args": [["q", [3]], ["q", [1]]], "op": {"params": ["1.0"], "type": "CU1"}}, {"args": [["q", [9]], ["q", [1]]], "op": {"params": ["1.0"], "type": "CU1"}}, {"args": [["q", [1]]], "op": {"type": "H"}}, {"args": [["q", [1]]], "op": {"params": ["0.1*-0.5"], "type": "Rz"}}, {"args": [["q", [1]]], "op": {"type": "H"}}, {"args": [["q", [2]], ["q", [1]]], "op": {"params": ["1.0"], "type": "CU1"}}, {"args": [["q", [6]], ["q", [1]]], "op": {"params": ["1.0"], "type": "CU1"}}, {"args": [["q", [7]], ["q", [1]]], "op": {"params": ["1.0"], "type": "CU1"}}, {"args": [["q", [1]]], "op": {"type": "H"}}, {"args": [["q", [1]]], "op": {"params": ["0.1*-0.5"], "type": "Rz"}}, {"args": [["q", [1]]], "op": {"type": "H"}}, {"args": [["q", [0]], ["q", [1]]], "op": {"params": ["1.0"], "type": "CU1"}}, {"args": [["q", [8]], ["q", [1]]], "op": {"params": ["1.0"], "type": "CU1"}}, {"args": [["q", [1]]], "op": {"type": "H"}}, {"args": [["q", [1]]], "op": {"params": ["0.1*0.5"], "type": "Rz"}}, {"args": [["q", [1]]], "op": {"type": "H"}}, {"args": [["q", [2]], ["q", [1]]], "op": {"params": ["1.0"], "type": "CU1"}}, {"args": [["q", [6]], ["q", [1]]], "op": {"params": ["1.0"], "type": "CU1"}}, {"args": [["q", [1]]], "op": {"type": "H"}}, {"args": [["q", [6]]], "op": {"type": "H"}}, {"args": [["q", [1]]], "op": {"params": ["0.1*0.5"], "type": "Rz"}}, {"args": [["q", [1]]], "op": {"type": "H"}}, {"args": [["q", [1]]], "op": {"params": ["11.5"], "type": "Rz"}}, {"args": [["q", [2]], ["q", [1]]], "op": {"params": ["1.0"], "type": "CU1"}}, {"args": [["q", [3]], ["q", [1]]], "op": {"params": ["1.0"], "type": "CU1"}}, {"args": [["q", [2]]], "op": {"type": "H"}}, {"args": [["q", [7]], ["q", [1]]], "op": {"params": ["1.0"], "type": "CU1"}}, {"args": [["q", [3]]], "op": {"type": "H"}}, {"args": [["q", [8]], ["q", [1]]], "op": {"params": ["1.0"], "type": "CU1"}}, {"args": [["q", [7]]], "op": {"type": "H"}}, {"args": [["q", [9]], ["q", [1]]], "op": {"params": ["1.0"], "type": "CU1"}}, {"args": [["q", [7]]], "op": {"params": ["-1.5"], "type": "Rz"}}, {"args": [["q", [8]]], "op": {"type": "H"}}, {"args": [["q", [0]], ["q", [1]]], "op": {"params": ["1.0"], "type": "CU1"}}, {"args": [["q", [3]], ["q", [8]]], "op": {"params": ["1.0"], "type": "CU1"}}, {"args": [["q", [0]]], "op": {"type": "H"}}, {"args": [["q", [1]]], "op": {"type": "H"}}, {"args": [["q", [3]], ["q", [7]]], "op": {"params": ["1.0"], "type": "CU1"}}, {"args": [["q", [0]], ["q", [6]]], "op": {"params": ["1.0"], "type": "CU1"}}, {"args": [["q", [3]]], "op": {"type": "H"}}, {"args": [["q", [7]]], "op": {"type": "H"}}, {"args": [["q", [0]], ["q", [2]]], "op": {"params": ["1.0"], "type": "CU1"}}, {"args": [["q", [1]], ["q", [2]]], "op": {"params": ["1.0"], "type": "CU1"}}, {"args": [["q", [1]], ["q", [6]]], "op": {"params": ["1.0"], "type": "CU1"}}, {"args": [["q", [2]]], "op": {"type": "H"}}, {"args": [["q", [1]], ["q", [9]]], "op": {"params": ["1.0"], "type": "CU1"}}, {"args": [["q", [6]]], "op": {"type": "H"}}, {"args": [["q", [3]], ["q", [1]]], "op": {"params": ["1.0"], "type": "CU1"}}, {"args": [["q", [9]]], "op": {"type": "H"}}, {"args": [["q", [7]], ["q", [1]]], "op": {"params": ["1.0"], "type": "CU1"}}, {"args": [["q", [8]], ["q", [1]]], "op": {"params": ["1.0"], "type": "CU1"}}, {"args": [["q", [1]]], "op": {"type": "H"}}, {"args": [["q", [1]]], "op": {"params": ["0.1*0.5"], "type": "Rz"}}, {"args": [["q", [1]]], "op": {"type": "H"}}, {"args": [["q", [2]], ["q", [1]]], "op": {"params": ["1.0"], "type": "CU1"}}, {"args": [["q", [6]], ["q", [1]]], "op": {"params": ["1.0"], "type": "CU1"}}, {"args": [["q", [1]]], "op": {"type": "H"}}, {"args": [["q", [1]]], "op": {"params": ["0.1*0.5"], "type": "Rz"}}, {"args": [["q", [1]]], "op": {"type": "H"}}, {"args": [["q", [0]], ["q", [1]]], "op": {"params": ["1.0"], "type": "CU1"}}, {"args": [["q", [8]], ["q", [1]]], "op": {"params": ["1.0"], "type": "CU1"}}, {"args": [["q", [9]], ["q", [1]]], "op": {"params": ["1.0"], "type": "CU1"}}, {"args": [["q", [1]]], "op": {"type": "H"}}, {"args": [["q", [1]]], "op": {"params": ["0.1*0.5"], "type": "Rz"}}, {"args": [["q", [1]]], "op": {"type": "H"}}, {"args": [["q", [2]], ["q", [1]]], "op": {"params": ["1.0"], "type": "CU1"}}, {"args": [["q", [6]], ["q", [1]]], "op": {"params": ["1.0"], "type": "CU1"}}, {"args": [["q", [2]]], "op": {"type": "H"}}, {"args": [["q", [1]]], "op": {"type": "H"}}, {"args": [["q", [6]]], "op": {"type": "H"}}, {"args": [["q", [1]]], "op": {"params": ["0.1*0.5"], "type": "Rz"}}, {"args": [["q", [6]]], "op": {"params": ["2.5"], "type": "Rz"}}, {"args": [["q", [1]]], "op": {"type": "H"}}, {"args": [["q", [1]]], "op": {"params": ["9.5"], "type": "Rz"}}, {"args": [["q", [3]], ["q", [1]]], "op": {"params": ["1.0"], "type": "CU1"}}, {"args": [["q", [7]], ["q", [1]]], "op": {"params": ["1.0"], "type": "CU1"}}, {"args": [["q", [9]], ["q", [1]]], "op": {"params": ["1.0"], "type": "CU1"}}, {"args": [["q", [0]], ["q", [1]]], "op": {"params": ["1.0"], "type": "CU1"}}, {"args": [["q", [9]]], "op": {"type": "H"}}, {"args": [["q", [1]], ["q", [9]]], "op": {"params": ["1.0"], "type": "CU1"}}, {"args": [["q", [1]], ["q", [6]]], "op": {"params": ["1.0"], "type": "CU1"}}, {"args": [["q", [9]]], "op": {"type": "H"}}, {"args": [["q", [1]], ["q", [2]]], "op": {"params": ["1.0"], "type": "CU1"}}, {"args": [["q", [9]]], "op": {"params": ["1.5"], "type": "Rz"}}, {"args": [["q", [1]]], "op": {"type": "H"}}, {"args": [["q", [2]]], "op": {"type": "H"}}, {"args": [["q", [3]], ["q", [9]]], "op": {"params": ["1.0"], "type": "CU1"}}, {"args": [["q", [1]]], "op": {"params": ["-0.5"], "type": "Rz"}}, {"args": [["q", [9]]], "op": {"type": "H"}}, {"args": [["q", [2]], ["q", [1]]], "op": {"params": ["1.0"], "type": "CU1"}}, {"args": [["q", [9]]], "op": {"params": ["-1/2"], "type": "Rz"}}, {"args": [["q", [9]], ["q", [7]]], "op": {"params": ["1.0"], "type": "CU1"}}, {"args": [["q", [7]]], "op": {"type": "H"}}, {"args": [["q", [9]]], "op": {"type": "H"}}, {"args": [["q", [7]], ["q", [1]]], "op": {"params": ["1.0"], "type": "CU1"}}, {"args": [["q", [9]], ["q", [8]]], "op": {"params": ["1.0"], "type": "CU1"}}, {"args": [["q", [1]]], "op": {"type": "H"}}, {"args": [["q", [8]]], "op": {"type": "H"}}, {"args": [["q", [1]]], "op": {"params": ["0.1*-0.5"], "type": "Rz"}}, {"args": [["q", [8]], ["q", [6]]], "op": {"params": ["1.0"], "type": "CU1"}}, {"args": [["q", [1]]], "op": {"type": "H"}}, {"args": [["q", [6]]], "op": {"type": "H"}}, {"args": [["q", [7]], ["q", [1]]], "op": {"params": ["1.0"], "type": "CU1"}}, {"args": [["q", [6]], ["q", [2]]], "op": {"params": ["1.0"], "type": "CU1"}}, {"args": [["q", [2]]], "op": {"type": "H"}}, {"args": [["q", [7]]], "op": {"type": "H"}}, {"args": [["q", [2]], ["q", [0]]], "op": {"params": ["1.0"], "type": "CU1"}}, {"args": [["q", [7]]], "op": {"params": ["0.5"], "type": "Rz"}}, {"args": [["q", [0]]], "op": {"type": "H"}}, {"args": [["q", [0]]], "op": {"params": ["0.1*-0.5"], "type": "Rz"}}, {"args": [["q", [0]]], "op": {"type": "H"}}, {"args": [["q", [2]], ["q", [0]]], "op": {"params": ["1.0"], "type": "CU1"}}, {"args": [["q", [0]]], "op": {"type": "H"}}, {"args": [["q", [2]]], "op": {"type": "H"}}, {"args": [["q", [6]], ["q", [2]]], "op": {"params": ["1.0"], "type": "CU1"}}, {"args": [["q", [2]], ["q", [1]]], "op": {"params": ["1.0"], "type": "CU1"}}, {"args": [["q", [6]]], "op": {"type": "H"}}, {"args": [["q", [6]]], "op": {"params": ["1.5"], "type": "Rz"}}, {"args": [["q", [8]], ["q", [6]]], "op": {"params": ["1.0"], "type": "CU1"}}, {"args": [["q", [6]]], "op": {"type": "H"}}, {"args": [["q", [8]]], "op": {"type": "H"}}, {"args": [["q", [9]], ["q", [8]]], "op": {"params": ["1.0"], "type": "CU1"}}, {"args": [["q", [9]]], "op": {"type": "H"}}, {"args": [["q", [9]]], "op": {"params": ["1/2"], "type": "Rz"}}, {"args": [["q", [9]], ["q", [7]]], "op": {"params": ["1.0"], "type": "CU1"}}, {"args": [["q", [7]]], "op": {"type": "H"}}, {"args": [["q", [9]]], "op": {"type": "H"}}, {"args": [["q", [9]]], "op": {"params": ["0.5"], "type": "Rz"}}, {"args": [["q", [3]], ["q", [9]]], "op": {"params": ["1.0"], "type": "CU1"}}, {"args": [["q", [3]]], "op": {"type": "H"}}, {"args": [["q", [9]]], "op": {"type": "H"}}, {"args": [["q", [9]], ["q", [8]]], "op": {"params": ["1.0"], "type": "CU1"}}, {"args": [["q", [8]]], "op": {"type": "H"}}, {"args": [["q", [8]], ["q", [3]]], "op": {"params": ["1.0"], "type": "CU1"}}, {"args": [["q", [3]]], "op": {"type": "H"}}, {"args": [["q", [3]], ["q", [2]]], "op": {"params": ["1.0"], "type": "CU1"}}, {"args": [["q", [2]]], "op": {"type": "H"}}, {"args": [["q", [2]], ["q", [7]]], "op": {"params": ["1.0"], "type": "CU1"}}, {"args": [["q", [7]]], "op": {"type": "H"}}, {"args": [["q", [7]]], "op": {"params": ["-1/2"], "type": "Rz"}}, {"args": [["q", [7]], ["q", [1]]], "op": {"params": ["1.0"], "type": "CU1"}}, {"args": [["q", [6]], ["q", [1]]], "op": {"params": ["1.0"], "type": "CU1"}}, {"args": [["q", [7]]], "op": {"type": "H"}}, {"args": [["q", [7]], ["q", [0]]], "op": {"params": ["1.0"], "type": "CU1"}}, {"args": [["q", [1]]], "op": {"type": "H"}}, {"args": [["q", [0]]], "op": {"type": "H"}}, {"args": [["q", [1]]], "op": {"params": ["0.1*-0.5"], "type": "Rz"}}, {"args": [["q", [0]]], "op": {"params": ["0.1*-0.5"], "type": "Rz"}}, {"args": [["q", [1]]], "op": {"type": "H"}}, {"args": [["q", [0]]], "op": {"type": "H"}}, {"args": [["q", [1]]], "op": {"params": ["2.5"], "type": "Rz"}}, {"args": [["q", [7]], ["q", [0]]], "op": {"params": ["1.0"], "type": "CU1"}}, {"args": [["q", [6]], ["q", [1]]], "op": {"params": ["1.0"], "type": "CU1"}}, {"args": [["q", [0]]], "op": {"type": "H"}}, {"args": [["q", [6]]], "op": {"type": "H"}}, {"args": [["q", [7]]], "op": {"type": "H"}}, {"args": [["q", [7]]], "op": {"params": ["1/2"], "type": "Rz"}}, {"args": [["q", [7]], ["q", [1]]], "op": {"params": ["1.0"], "type": "CU1"}}, {"args": [["q", [7]]], "op": {"type": "H"}}, {"args": [["q", [2]], ["q", [7]]], "op": {"params": ["1.0"], "type": "CU1"}}, {"args": [["q", [2]]], "op": {"type": "H"}}, {"args": [["q", [7]]], "op": {"type": "H"}}, {"args": [["q", [3]], ["q", [2]]], "op": {"params": ["1.0"], "type": "CU1"}}, {"args": [["q", [7]]], "op": {"params": ["-0.5"], "type": "Rz"}}, {"args": [["q", [2]]], "op": {"type": "H"}}, {"args": [["q", [3]]], "op": {"type": "H"}}, {"args": [["q", [0]], ["q", [2]]], "op": {"params": ["1.0"], "type": "CU1"}}, {"args": [["q", [8]], ["q", [3]]], "op": {"params": ["1.0"], "type": "CU1"}}, {"args": [["q", [0]], ["q", [6]]], "op": {"params": ["1.0"], "type": "CU1"}}, {"args": [["q", [2]]], "op": {"type": "H"}}, {"args": [["q", [3]]], "op": {"type": "H"}}, {"args": [["q", [8]]], "op": {"type": "H"}}, {"args": [["q", [6]]], "op": {"type": "H"}}, {"args": [["q", [9]], ["q", [8]]], "op": {"params": ["1.0"], "type": "CU1"}}, {"args": [["q", [8]]], "op": {"type": "H"}}, {"args": [["q", [0]], ["q", [8]]], "op": {"params": ["1.0"], "type": "CU1"}}, {"args": [["q", [0]]], "op": {"type": "H"}}, {"args": [["q", [8]]], "op": {"type": "H"}}, {"args": [["q", [0]]], "op": {"params": ["-1.5"], "type": "Rz"}}, {"args": [["q", [1]], ["q", [0]]], "op": {"params": ["1.0"], "type": "CU1"}}, {"args": [["q", [3]], ["q", [0]]], "op": {"params": ["1.0"], "type": "CU1"}}, {"args": [["q", [7]], ["q", [0]]], "op": {"params": ["1.0"], "type": "CU1"}}, {"args": [["q", [8]], ["q", [0]]], "op": {"params": ["1.0"], "type": "CU1"}}, {"args": [["q", [9]], ["q", [0]]], "op": {"params": ["1.0"], "type": "CU1"}}, {"args": [["q", [0]]], "op": {"type": "H"}}, {"args": [["q", [0]]], "op": {"params": ["0.1*-0.5"], "type": "Rz"}}, {"args": [["q", [0]]], "op": {"type": "H"}}, {"args": [["q", [6]], ["q", [0]]], "op": {"params": ["1.0"], "type": "CU1"}}, {"args": [["q", [0]]], "op": {"type": "H"}}, {"args": [["q", [0]]], "op": {"params": ["0.1*-0.5"], "type": "Rz"}}, {"args": [["q", [0]]], "op": {"type": "H"}}, {"args": [["q", [2]], ["q", [0]]], "op": {"params": ["1.0"], "type": "CU1"}}, {"args": [["q", [8]], ["q", [0]]], "op": {"params": ["1.0"], "type": "CU1"}}, {"args": [["q", [0]]], "op": {"type": "H"}}, {"args": [["q", [8]]], "op": {"type": "H"}}, {"args": [["q", [0]]], "op": {"params": ["0.1*-0.5"], "type": "Rz"}}, {"args": [["q", [0]]], "op": {"type": "H"}}, {"args": [["q", [6]], ["q", [0]]], "op": {"params": ["1.0"], "type": "CU1"}}, {"args": [["q", [0]]], "op": {"type": "H"}}, {"args": [["q", [0]]], "op": {"params": ["0.1*-0.5"], "type": "Rz"}}, {"args": [["q", [0]]], "op": {"type": "H"}}, {"args": [["q", [0]]], "op": {"params": ["9.5"], "type": "Rz"}}, {"args": [["q", [1]], ["q", [0]]], "op": {"params": ["1.0"], "type": "CU1"}}, {"args": [["q", [2]], ["q", [0]]], "op": {"params": ["1.0"], "type": "CU1"}}, {"args": [["q", [1]]], "op": {"type": "H"}}, {"args": [["q", [3]], ["q", [0]]], "op": {"params": ["1.0"], "type": "CU1"}}, {"args": [["q", [1]]], "op": {"params": ["-1.5"], "type": "Rz"}}, {"args": [["q", [2]]], "op": {"type": "H"}}, {"args": [["q", [7]], ["q", [0]]], "op": {"params": ["1.0"], "type": "CU1"}}, {"args": [["q", [2]]], "op": {"params": ["2.5"], "type": "Rz"}}, {"args": [["q", [9]], ["q", [0]]], "op": {"params": ["1.0"], "type": "CU1"}}, {"args": [["q", [2]]], "op": {"type": "H"}}, {"args": [["q", [7]]], "op": {"type": "H"}}, {"args": [["q", [0]]], "op": {"type": "H"}}, {"args": [["q", [7]]], "op": {"params": ["1.5"], "type": "Rz"}}, {"args": [["q", [0]], ["q", [8]]], "op": {"params": ["1.0"], "type": "CU1"}}, {"args": [["q", [1]], ["q", [7]]], "op": {"params": ["1.0"], "type": "CU1"}}, {"args": [["q", [0]]], "op": {"type": "H"}}, {"args": [["q", [7]]], "op": {"type": "H"}}, {"args": [["q", [8]]], "op": {"type": "H"}}, {"args": [["q", [1]], ["q", [8]]], "op": {"params": ["1.0"], "type": "CU1"}}, {"args": [["q", [2]], ["q", [1]]], "op": {"params": ["1.0"], "type": "CU1"}}, {"args": [["q", [8]]], "op": {"type": "H"}}, {"args": [["q", [3]], ["q", [1]]], "op": {"params": ["1.0"], "type": "CU1"}}, {"args": [["q", [8]], ["q", [1]]], "op": {"params": ["1.0"], "type": "CU1"}}, {"args": [["q", [9]], ["q", [1]]], "op": {"params": ["1.0"], "type": "CU1"}}, {"args": [["q", [1]]], "op": {"type": "H"}}, {"args": [["q", [1]]], "op": {"params": ["0.1*0.5"], "type": "Rz"}}, {"args": [["q", [1]]], "op": {"type": "H"}}, {"args": [["q", [6]], ["q", [1]]], "op": {"params": ["1.0"], "type": "CU1"}}, {"args": [["q", [7]], ["q", [1]]], "op": {"params": ["1.0"], "type": "CU1"}}, {"args": [["q", [1]]], "op": {"type": "H"}}, {"args": [["q", [1]]], "op": {"params": ["0.1*0.5"], "type": "Rz"}}, {"args": [["q", [1]]], "op": {"type": "H"}}, {"args": [["q", [0]], ["q", [1]]], "op": {"params": ["1.0"], "type": "CU1"}}, {"args": [["q", [8]], ["q", [1]]], "op": {"params": ["1.0"], "type": "CU1"}}, {"args": [["q", [1]]], "op": {"type": "H"}}, {"args": [["q", [8]]], "op": {"type": "H"}}, {"args": [["q", [1]]], "op": {"params": ["0.1*-0.5"], "type": "Rz"}}, {"args": [["q", [1]]], "op": {"type": "H"}}, {"args": [["q", [6]], ["q", [1]]], "op": {"params": ["1.0"], "type": "CU1"}}, {"args": [["q", [1]]], "op": {"type": "H"}}, {"args": [["q", [6]]], "op": {"type": "H"}}, {"args": [["q", [1]]], "op": {"params": ["0.1*-0.5"], "type": "Rz"}}, {"args": [["q", [1]]], "op": {"type": "H"}}, {"args": [["q", [2]], ["q", [1]]], "op": {"params": ["1.0"], "type": "CU1"}}, {"args": [["q", [3]], ["q", [1]]], "op": {"params": ["1.0"], "type": "CU1"}}, {"args": [["q", [2]]], "op": {"type": "H"}}, {"args": [["q", [7]], ["q", [1]]], "op": {"params": ["1.0"], "type": "CU1"}}, {"args": [["q", [2]]], "op": {"params": ["1.5"], "type": "Rz"}}, {"args": [["q", [9]], ["q", [1]]], "op": {"params": ["1.0"], "type": "CU1"}}, {"args": [["q", [7]]], "op": {"type": "H"}}, {"args": [["q", [0]], ["q", [1]]], "op": {"params": ["1.0"], "type": "CU1"}}, {"args": [["q", [0]]], "op": {"type": "H"}}, {"args": [["q", [1]], ["q", [8]]], "op": {"params": ["1.0"], "type": "CU1"}}, {"args": [["q", [0]], ["q", [6]]], "op": {"params": ["1.0"], "type": "CU1"}}, {"args": [["q", [1]], ["q", [7]]], "op": {"params": ["1.0"], "type": "CU1"}}, {"args": [["q", [0]], ["q", [2]]], "op": {"params": ["1.0"], "type": "CU1"}}, {"args": [["q", [1]], ["q", [3]]], "op": {"params": ["1.0"], "type": "CU1"}}, {"args": [["q", [6]]], "op": {"type": "H"}}, {"args": [["q", [1]], ["q", [7]]], "op": {"params": ["1.0"], "type": "CU1"}}, {"args": [["q", [2]]], "op": {"type": "H"}}, {"args": [["q", [3]]], "op": {"type": "H"}}, {"args": [["q", [1]], ["q", [9]]], "op": {"params": ["1.0"], "type": "CU1"}}, {"args": [["q", [7]]], "op": {"type": "H"}}, {"args": [["q", [1]]], "op": {"type": "H"}}, {"args": [["q", [9]]], "op": {"type": "H"}}, {"args": [["q", [1]]], "op": {"params": ["-3.5"], "type": "Rz"}}, {"args": [["q", [3]], ["q", [1]]], "op": {"params": ["1.0"], "type": "CU1"}}, {"args": [["q", [8]], ["q", [1]]], "op": {"params": ["1.0"], "type": "CU1"}}, {"args": [["q", [1]]], "op": {"type": "H"}}, {"args": [["q", [1]]], "op": {"params": ["0.1*0.5"], "type": "Rz"}}, {"args": [["q", [1]]], "op": {"type": "H"}}, {"args": [["q", [2]], ["q", [1]]], "op": {"params": ["1.0"], "type": "CU1"}}, {"args": [["q", [3]], ["q", [1]]], "op": {"params": ["1.0"], "type": "CU1"}}, {"args": [["q", [8]], ["q", [1]]], "op": {"params": ["1.0"], "type": "CU1"}}, {"args": [["q", [9]], ["q", [1]]], "op": {"params": ["1.0"], "type": "CU1"}}, {"args": [["q", [1]]], "op": {"type": "H"}}, {"args": [["q", [1]]], "op": {"params": ["0.1*0.5"], "type": "Rz"}}, {"args": [["q", [1]]], "op": {"type": "H"}}, {"args": [["q", [0]], ["q", [1]]], "op": {"params": ["1.0"], "type": "CU1"}}, {"args": [["q", [6]], ["q", [1]]], "op": {"params": ["1.0"], "type": "CU1"}}, {"args": [["q", [7]], ["q", [1]]], "op": {"params": ["1.0"], "type": "CU1"}}, {"args": [["q", [1]]], "op": {"type": "H"}}, {"args": [["q", [1]]], "op": {"params": ["0.1*0.5"], "type": "Rz"}}, {"args": [["q", [1]]], "op": {"type": "H"}}, {"args": [["q", [2]], ["q", [1]]], "op": {"params": ["1.0"], "type": "CU1"}}, {"args": [["q", [3]], ["q", [1]]], "op": {"params": ["1.0"], "type": "CU1"}}, {"args": [["q", [2]]], "op": {"type": "H"}}, {"args": [["q", [8]], ["q", [1]]], "op": {"params": ["1.0"], "type": "CU1"}}, {"args": [["q", [9]], ["q", [1]]], "op": {"params": ["1.0"], "type": "CU1"}}, {"args": [["q", [1]]], "op": {"type": "H"}}, {"args": [["q", [9]]], "op": {"type": "H"}}, {"args": [["q", [1]]], "op": {"params": ["0.1*0.5"], "type": "Rz"}}, {"args": [["q", [9]]], "op": {"params": ["-1.5"], "type": "Rz"}}, {"args": [["q", [1]]], "op": {"type": "H"}}, {"args": [["q", [1]]], "op": {"params": ["9.5"], "type": "Rz"}}, {"args": [["q", [3]], ["q", [1]]], "op": {"params": ["1.0"], "type": "CU1"}}, {"args": [["q", [6]], ["q", [1]]], "op": {"params": ["1.0"], "type": "CU1"}}, {"args": [["q", [3]]], "op": {"type": "H"}}, {"args": [["q", [7]], ["q", [1]]], "op": {"params": ["1.0"], "type": "CU1"}}, {"args": [["q", [3]]], "op": {"params": ["-1.5"], "type": "Rz"}}, {"args": [["q", [6]]], "op": {"type": "H"}}, {"args": [["q", [8]], ["q", [1]]], "op": {"params": ["1.0"], "type": "CU1"}}, {"args": [["q", [7]]], "op": {"type": "H"}}, {"args": [["q", [0]], ["q", [1]]], "op": {"params": ["1.0"], "type": "CU1"}}, {"args": [["q", [7]]], "op": {"params": ["-1.5"], "type": "Rz"}}, {"args": [["q", [8]]], "op": {"type": "H"}}, {"args": [["q", [1]]], "op": {"type": "H"}}, {"args": [["q", [1]], ["q", [9]]], "op": {"params": ["1.0"], "type": "CU1"}}, {"args": [["q", [1]], ["q", [7]]], "op": {"params": ["1.0"], "type": "CU1"}}, {"args": [["q", [9]]], "op": {"type": "H"}}, {"args": [["q", [1]], ["q", [3]]], "op": {"params": ["1.0"], "type": "CU1"}}, {"args": [["q", [7]]], "op": {"type": "H"}}, {"args": [["q", [0]], ["q", [1]]], "op": {"params": ["1.0"], "type": "CU1"}}, {"args": [["q", [3]]], "op": {"type": "H"}}, {"args": [["q", [0]], ["q", [6]]], "op": {"params": ["1.0"], "type": "CU1"}}, {"args": [["q", [3]], ["q", [1]]], "op": {"params": ["1.0"], "type": "CU1"}}, {"args": [["q", [0]]], "op": {"type": "H"}}, {"args": [["q", [6]]], "op": {"type": "H"}}, {"args": [["q", [6]], ["q", [1]]], "op": {"params": ["1.0"], "type": "CU1"}}, {"args": [["q", [7]], ["q", [1]]], "op": {"params": ["1.0"], "type": "CU1"}}, {"args": [["q", [9]], ["q", [1]]], "op": {"params": ["1.0"], "type": "CU1"}}, {"args": [["q", [1]]], "op": {"type": "H"}}, {"args": [["q", [1]]], "op": {"params": ["0.1*0.5"], "type": "Rz"}}, {"args": [["q", [1]]], "op": {"type": "H"}}, {"args": [["q", [0]], ["q", [1]]], "op": {"params": ["1.0"], "type": "CU1"}}, {"args": [["q", [1]]], "op": {"type": "H"}}, {"args": [["q", [1]]], "op": {"params": ["0.1*-0.5"], "type": "Rz"}}, {"args": [["q", [1]]], "op": {"type": "H"}}, {"args": [["q", [6]], ["q", [1]]], "op": {"params": ["1.0"], "type": "CU1"}}, {"args": [["q", [1]]], "op": {"type": "H"}}, {"args": [["q", [6]]], "op": {"type": "H"}}, {"args": [["q", [1]]], "op": {"params": ["0.1*-0.5"], "type": "Rz"}}, {"args": [["q", [1]]], "op": {"type": "H"}}, {"args": [["q", [3]], ["q", [1]]], "op": {"params": ["1.0"], "type": "CU1"}}, {"args": [["q", [7]], ["q", [1]]], "op": {"params": ["1.0"], "type": "CU1"}}, {"args": [["q", [3]]], "op": {"type": "H"}}, {"args": [["q", [9]], ["q", [1]]], "op": {"params": ["1.0"], "type": "CU1"}}, {"args": [["q", [3]]], "op": {"params": ["1.5"], "type": "Rz"}}, {"args": [["q", [7]]], "op": {"type": "H"}}, {"args": [["q", [0]], ["q", [1]]], "op": {"params": ["1.0"], "type": "CU1"}}, {"args": [["q", [7]]], "op": {"params": ["1.5"], "type": "Rz"}}, {"args": [["q", [9]]], "op": {"type": "H"}}, {"args": [["q", [0]]], "op": {"type": "H"}}, {"args": [["q", [9]]], "op": {"params": ["1.5"], "type": "Rz"}}, {"args": [["q", [0]], ["q", [6]]], "op": {"params": ["1.0"], "type": "CU1"}}, {"args": [["q", [0]], ["q", [1]]], "op": {"params": ["1.0"], "type": "CU1"}}, {"args": [["q", [6]]], "op": {"type": "H"}}, {"args": [["q", [1]], ["q", [2]]], "op": {"params": ["1.0"], "type": "CU1"}}, {"args": [["q", [1]], ["q", [7]]], "op": {"params": ["1.0"], "type": "CU1"}}, {"args": [["q", [2]]], "op": {"type": "H"}}, {"args": [["q", [1]], ["q", [8]]], "op": {"params": ["1.0"], "type": "CU1"}}, {"args": [["q", [7]]], "op": {"type": "H"}}, {"args": [["q", [1]]], "op": {"type": "H"}}, {"args": [["q", [8]]], "op": {"type": "H"}}, {"args": [["q", [1]]], "op": {"params": ["-1.5"], "type": "Rz"}}, {"args": [["q", [3]], ["q", [1]]], "op": {"params": ["1.0"], "type": "CU1"}}, {"args": [["q", [8]], ["q", [1]]], "op": {"params": ["1.0"], "type": "CU1"}}, {"args": [["q", [9]], ["q", [1]]], "op": {"params": ["1.0"], "type": "CU1"}}, {"args": [["q", [1]]], "op": {"type": "H"}}, {"args": [["q", [1]]], "op": {"params": ["0.1*-0.5"], "type": "Rz"}}, {"args": [["q", [1]]], "op": {"type": "H"}}, {"args": [["q", [2]], ["q", [1]]], "op": {"params": ["1.0"], "type": "CU1"}}, {"args": [["q", [8]], ["q", [1]]], "op": {"params": ["1.0"], "type": "CU1"}}, {"args": [["q", [1]]], "op": {"type": "H"}}, {"args": [["q", [1]]], "op": {"params": ["0.1*-0.5"], "type": "Rz"}}, {"args": [["q", [1]]], "op": {"type": "H"}}, {"args": [["q", [0]], ["q", [1]]], "op": {"params": ["1.0"], "type": "CU1"}}, {"args": [["q", [6]], ["q", [1]]], "op": {"params": ["1.0"], "type": "CU1"}}, {"args": [["q", [7]], ["q", [1]]], "op": {"params": ["1.0"], "type": "CU1"}}, {"args": [["q", [1]]], "op": {"type": "H"}}, {"args": [["q", [1]]], "op": {"params": ["0.1*-0.5"], "type": "Rz"}}, {"args": [["q", [1]]], "op": {"type": "H"}}, {"args": [["q", [2]], ["q", [1]]], "op": {"params": ["1.0"], "type": "CU1"}}, {"args": [["q", [8]], ["q", [1]]], "op": {"params": ["1.0"], "type": "CU1"}}, {"args": [["q", [2]]], "op": {"type": "H"}}, {"args": [["q", [1]]], "op": {"type": "H"}}, {"args": [["q", [1]]], "op": {"params": ["0.1*-0.5"], "type": "Rz"}}, {"args": [["q", [1]]], "op": {"type": "H"}}, {"args": [["q", [1]]], "op": {"params": ["11.5"], "type": "Rz"}}, {"args": [["q", [3]], ["q", [1]]], "op": {"params": ["1.0"], "type": "CU1"}}, {"args": [["q", [6]], ["q", [1]]], "op": {"params": ["1.0"], "type": "CU1"}}, {"args": [["q", [7]], ["q", [1]]], "op": {"params": ["1.0"], "type": "CU1"}}, {"args": [["q", [6]]], "op": {"type": "H"}}, {"args": [["q", [8]], ["q", [1]]], "op": {"params": ["1.0"], "type": "CU1"}}, {"args": [["q", [7]]], "op": {"type": "H"}}, {"args": [["q", [9]], ["q", [1]]], "op": {"params": ["1.0"], "type": "CU1"}}, {"args": [["q", [8]]], "op": {"type": "H"}}, {"args": [["q", [0]], ["q", [1]]], "op": {"params": ["1.0"], "type": "CU1"}}, {"args": [["q", [1]]], "op": {"type": "H"}}, {"args": [["q", [1]], ["q", [8]]], "op": {"params": ["1.0"], "type": "CU1"}}, {"args": [["q", [1]], ["q", [7]]], "op": {"params": ["1.0"], "type": "CU1"}}, {"args": [["q", [8]]], "op": {"type": "H"}}, {"args": [["q", [1]], ["q", [2]]], "op": {"params": ["1.0"], "type": "CU1"}}, {"args": [["q", [0]], ["q", [2]]], "op": {"params": ["1.0"], "type": "CU1"}}, {"args": [["q", [1]], ["q", [7]]], "op": {"params": ["1.0"], "type": "CU1"}}, {"args": [["q", [0]], ["q", [6]]], "op": {"params": ["1.0"], "type": "CU1"}}, {"args": [["q", [1]], ["q", [8]]], "op": {"params": ["1.0"], "type": "CU1"}}, {"args": [["q", [2]]], "op": {"type": "H"}}, {"args": [["q", [7]]], "op": {"type": "H"}}, {"args": [["q", [0]]], "op": {"type": "H"}}, {"args": [["q", [1]]], "op": {"type": "H"}}, {"args": [["q", [6]]], "op": {"type": "H"}}, {"args": [["q", [8]]], "op": {"type": "H"}}, {"args": [["q", [1]]], "op": {"params": ["-1.5"], "type": "Rz"}}, {"args": [["q", [2]], ["q", [1]]], "op": {"params": ["1.0"], "type": "CU1"}}, {"args": [["q", [3]], ["q", [1]]], "op": {"params": ["1.0"], "type": "CU1"}}, {"args": [["q", [9]], ["q", [1]]], "op": {"params": ["1.0"], "type": "CU1"}}, {"args": [["q", [1]]], "op": {"type": "H"}}, {"args": [["q", [1]]], "op": {"params": ["0.1*0.5"], "type": "Rz"}}, {"args": [["q", [1]]], "op": {"type": "H"}}, {"args": [["q", [6]], ["q", [1]]], "op": {"params": ["1.0"], "type": "CU1"}}, {"args": [["q", [7]], ["q", [1]]], "op": {"params": ["1.0"], "type": "CU1"}}, {"args": [["q", [1]]], "op": {"type": "H"}}, {"args": [["q", [1]]], "op": {"params": ["0.1*0.5"], "type": "Rz"}}, {"args": [["q", [1]]], "op": {"type": "H"}}, {"args": [["q", [0]], ["q", [1]]], "op": {"params": ["1.0"], "type": "CU1"}}, {"args": [["q", [8]], ["q", [1]]], "op": {"params": ["1.0"], "type": "CU1"}}, {"args": [["q", [1]]], "op": {"type": "H"}}, {"args": [["q", [1]]], "op": {"params": ["0.1*-0.5"], "type": "Rz"}}, {"args": [["q", [1]]], "op": {"type": "H"}}, {"args": [["q", [6]], ["q", [1]]], "op": {"params": ["1.0"], "type": "CU1"}}, {"args": [["q", [1]]], "op": {"type": "H"}}, {"args": [["q", [6]]], "op": {"type": "H"}}, {"args": [["q", [1]]], "op": {"params": ["0.1*-0.5"], "type": "Rz"}}, {"args": [["q", [1]]], "op": {"type": "H"}}, {"args": [["q", [1]]], "op": {"params": ["11.5"], "type": "Rz"}}, {"args": [["q", [2]], ["q", [1]]], "op": {"params": ["1.0"], "type": "CU1"}}, {"args": [["q", [3]], ["q", [1]]], "op": {"params": ["1.0"], "type": "CU1"}}, {"args": [["q", [2]]], "op": {"type": "H"}}, {"args": [["q", [7]], ["q", [1]]], "op": {"params": ["1.0"], "type": "CU1"}}, {"args": [["q", [8]], ["q", [1]]], "op": {"params": ["1.0"], "type": "CU1"}}, {"args": [["q", [7]]], "op": {"type": "H"}}, {"args": [["q", [9]], ["q", [1]]], "op": {"params": ["1.0"], "type": "CU1"}}, {"args": [["q", [7]]], "op": {"params": ["-1.5"], "type": "Rz"}}, {"args": [["q", [8]]], "op": {"type": "H"}}, {"args": [["q", [0]], ["q", [1]]], "op": {"params": ["1.0"], "type": "CU1"}}, {"args": [["q", [0]]], "op": {"type": "H"}}, {"args": [["q", [1]]], "op": {"type": "H"}}, {"args": [["q", [0]], ["q", [6]]], "op": {"params": ["1.0"], "type": "CU1"}}, {"args": [["q", [1]]], "op": {"params": ["1.5"], "type": "Rz"}}, {"args": [["q", [0]], ["q", [2]]], "op": {"params": ["1.0"], "type": "CU1"}}, {"args": [["q", [1]], ["q", [8]]], "op": {"params": ["1.0"], "type": "CU1"}}, {"args": [["q", [0]], ["q", [3]]], "op": {"params": ["1.0"], "type": "CU1"}}, {"args": [["q", [1]], ["q", [7]]], "op": {"params": ["1.0"], "type": "CU1"}}, {"args": [["q", [2]]], "op": {"type": "H"}}, {"args": [["q", [0]], ["q", [6]]], "op": {"params": ["1.0"], "type": "CU1"}}, {"args": [["q", [1]]], "op": {"type": "H"}}, {"args": [["q", [2]]], "op": {"params": ["-0.5"], "type": "Rz"}}, {"args": [["q", [3]]], "op": {"type": "H"}}, {"args": [["q", [7]]], "op": {"type": "H"}}, {"args": [["q", [0]], ["q", [9]]], "op": {"params": ["1.0"], "type": "CU1"}}, {"args": [["q", [6]]], "op": {"type": "H"}}, {"args": [["q", [7]]], "op": {"params": ["-1.5"], "type": "Rz"}}, {"args": [["q", [0]]], "op": {"type": "H"}}, {"args": [["q", [9]]], "op": {"type": "H"}}, {"args": [["q", [0]]], "op": {"params": ["-1.5"], "type": "Rz"}}, {"args": [["q", [1]], ["q", [0]]], "op": {"params": ["1.0"], "type": "CU1"}}, {"args": [["q", [3]], ["q", [0]]], "op": {"params": ["1.0"], "type": "CU1"}}, {"args": [["q", [6]], ["q", [0]]], "op": {"params": ["1.0"], "type": "CU1"}}, {"args": [["q", [7]], ["q", [0]]], "op": {"params": ["1.0"], "type": "CU1"}}, {"args": [["q", [8]], ["q", [0]]], "op": {"params": ["1.0"], "type": "CU1"}}, {"args": [["q", [0]]], "op": {"type": "H"}}, {"args": [["q", [0]]], "op": {"params": ["0.1*0.5"], "type": "Rz"}}, {"args": [["q", [0]]], "op": {"type": "H"}}, {"args": [["q", [2]], ["q", [0]]], "op": {"params": ["1.0"], "type": "CU1"}}, {"args": [["q", [3]], ["q", [0]]], "op": {"params": ["1.0"], "type": "CU1"}}, {"args": [["q", [8]], ["q", [0]]], "op": {"params": ["1.0"], "type": "CU1"}}, {"args": [["q", [3]]], "op": {"type": "H"}}, {"args": [["q", [9]], ["q", [0]]], "op": {"params": ["1.0"], "type": "CU1"}}, {"args": [["q", [3]]], "op": {"params": ["2.5"], "type": "Rz"}}, {"args": [["q", [0]]], "op": {"type": "H"}}, {"args": [["q", [0]]], "op": {"params": ["0.1*0.5"], "type": "Rz"}}, {"args": [["q", [0]]], "op": {"type": "H"}}, {"args": [["q", [6]], ["q", [0]]], "op": {"params": ["1.0"], "type": "CU1"}}, {"args": [["q", [0]]], "op": {"type": "H"}}, {"args": [["q", [6]]], "op": {"type": "H"}}, {"args": [["q", [0]]], "op": {"params": ["0.1*0.5"], "type": "Rz"}}, {"args": [["q", [0]]], "op": {"type": "H"}}, {"args": [["q", [0]]], "op": {"params": ["7.5"], "type": "Rz"}}, {"args": [["q", [1]], ["q", [0]]], "op": {"params": ["1.0"], "type": "CU1"}}, {"args": [["q", [2]], ["q", [0]]], "op": {"params": ["1.0"], "type": "CU1"}}, {"args": [["q", [7]], ["q", [0]]], "op": {"params": ["1.0"], "type": "CU1"}}, {"args": [["q", [2]]], "op": {"type": "H"}}, {"args": [["q", [9]], ["q", [0]]], "op": {"params": ["1.0"], "type": "CU1"}}, {"args": [["q", [2]]], "op": {"params": ["-2.5"], "type": "Rz"}}, {"args": [["q", [7]]], "op": {"type": "H"}}, {"args": [["q", [0]]], "op": {"type": "H"}}, {"args": [["q", [7]]], "op": {"params": ["0.5"], "type": "Rz"}}, {"args": [["q", [9]]], "op": {"type": "H"}}, {"args": [["q", [9]]], "op": {"params": ["4.5"], "type": "Rz"}}, {"args": [["q", [0]], ["q", [9]]], "op": {"params": ["1.0"], "type": "CU1"}}, {"args": [["q", [0]], ["q", [6]]], "op": {"params": ["1.0"], "type": "CU1"}}, {"args": [["q", [0]], ["q", [3]]], "op": {"params": ["1.0"], "type": "CU1"}}, {"args": [["q", [6]]], "op": {"type": "H"}}, {"args": [["q", [0]]], "op": {"type": "H"}}, {"args": [["q", [0]], ["q", [3]]], "op": {"params": ["1.0"], "type": "CU1"}}, {"args": [["q", [0]]], "op": {"type": "H"}}, {"args": [["q", [2]], ["q", [3]]], "op": {"params": ["1.0"], "type": "CU1"}}, {"args": [["q", [0]]], "op": {"params": ["-0.5"], "type": "Rz"}}, {"args": [["q", [5]], ["q", [3]]], "op": {"params": ["1.0"], "type": "CU1"}}, {"args": [["q", [0]], ["q", [6]]], "op": {"params": ["1.0"], "type": "CU1"}}, {"args": [["q", [0]]], "op": {"type": "H"}}, {"args": [["q", [6]]], "op": {"type": "H"}}, {"args": [["q", [0]]], "op": {"params": ["-0.5"], "type": "Rz"}}, {"args": [["q", [6]], ["q", [3]]], "op": {"params": ["1.0"], "type": "CU1"}}, {"args": [["q", [0]], ["q", [7]]], "op": {"params": ["1.0"], "type": "CU1"}}, {"args": [["q", [0]], ["q", [8]]], "op": {"params": ["1.0"], "type": "CU1"}}, {"args": [["q", [7]]], "op": {"type": "H"}}, {"args": [["q", [0]]], "op": {"type": "H"}}, {"args": [["q", [7]], ["q", [3]]], "op": {"params": ["1.0"], "type": "CU1"}}, {"args": [["q", [8]]], "op": {"type": "H"}}, {"args": [["q", [3]]], "op": {"type": "H"}}, {"args": [["q", [3]]], "op": {"params": ["0.1*1.0"], "type": "Rz"}}, {"args": [["q", [3]]], "op": {"type": "H"}}, {"args": [["q", [0]], ["q", [3]]], "op": {"params": ["1.0"], "type": "CU1"}}, {"args": [["q", [1]], ["q", [3]]], "op": {"params": ["1.0"], "type": "CU1"}}, {"args": [["q", [2]], ["q", [3]]], "op": {"params": ["1.0"], "type": "CU1"}}, {"args": [["q", [2]]], "op": {"type": "H"}}, {"args": [["q", [6]], ["q", [3]]], "op": {"params": ["1.0"], "type": "CU1"}}, {"args": [["q", [2]]], "op": {"params": ["-0.5"], "type": "Rz"}}, {"args": [["q", [7]], ["q", [3]]], "op": {"params": ["1.0"], "type": "CU1"}}, {"args": [["q", [8]], ["q", [3]]], "op": {"params": ["1.0"], "type": "CU1"}}, {"args": [["q", [9]], ["q", [3]]], "op": {"params": ["1.0"], "type": "CU1"}}, {"args": [["q", [3]]], "op": {"type": "H"}}, {"args": [["q", [3]]], "op": {"params": ["0.1*-1.0"], "type": "Rz"}}, {"args": [["q", [3]]], "op": {"type": "H"}}, {"args": [["q", [5]], ["q", [3]]], "op": {"params": ["1.0"], "type": "CU1"}}, {"args": [["q", [6]], ["q", [3]]], "op": {"params": ["1.0"], "type": "CU1"}}, {"args": [["q", [7]], ["q", [3]]], "op": {"params": ["1.0"], "type": "CU1"}}, {"args": [["q", [8]], ["q", [3]]], "op": {"params": ["1.0"], "type": "CU1"}}, {"args": [["q", [3]]], "op": {"type": "H"}}, {"args": [["q", [8]]], "op": {"type": "H"}}, {"args": [["q", [3]]], "op": {"params": ["0.1*-0.5"], "type": "Rz"}}, {"args": [["q", [3]]], "op": {"type": "H"}}, {"args": [["q", [6]], ["q", [3]]], "op": {"params": ["1.0"], "type": "CU1"}}, {"args": [["q", [7]], ["q", [3]]], "op": {"params": ["1.0"], "type": "CU1"}}, {"args": [["q", [6]]], "op": {"type": "H"}}, {"args": [["q", [9]], ["q", [3]]], "op": {"params": ["1.0"], "type": "CU1"}}, {"args": [["q", [7]]], "op": {"type": "H"}}, {"args": [["q", [1]], ["q", [3]]], "op": {"params": ["1.0"], "type": "CU1"}}, {"args": [["q", [0]], ["q", [3]]], "op": {"params": ["1.0"], "type": "CU1"}}, {"args": [["q", [0]]], "op": {"type": "H"}}, {"args": [["q", [0]]], "op": {"params": ["-1.5"], "type": "Rz"}}, {"args": [["q", [0]], ["q", [8]]], "op": {"params": ["1.0"], "type": "CU1"}}, {"args": [["q", [0]], ["q", [7]]], "op": {"params": ["1.0"], "type": "CU1"}}, {"args": [["q", [8]]], "op": {"type": "H"}}, {"args": [["q", [0]]], "op": {"type": "H"}}, {"args": [["q", [0]]], "op": {"params": ["-1.5"], "type": "Rz"}}, {"args": [["q", [0]], ["q", [6]]], "op": {"params": ["1.0"], "type": "CU1"}}, {"args": [["q", [0]]], "op": {"type": "H"}}, {"args": [["q", [6]]], "op": {"type": "H"}}, {"args": [["q", [0]], ["q", [3]]], "op": {"params": ["1.0"], "type": "CU1"}}, {"args": [["q", [0]]], "op": {"type": "H"}}, {"args": [["q", [0]]], "op": {"params": ["-0.5"], "type": "Rz"}}, {"args": [["q", [0]], ["q", [3]]], "op": {"params": ["1.0"], "type": "CU1"}}, {"args": [["q", [0]], ["q", [7]]], "op": {"params": ["1.0"], "type": "CU1"}}, {"args": [["q", [2]], ["q", [3]]], "op": {"params": ["1.0"], "type": "CU1"}}, {"args": [["q", [0]], ["q", [9]]], "op": {"params": ["1.0"], "type": "CU1"}}, {"args": [["q", [5]], ["q", [3]]], "op": {"params": ["1.0"], "type": "CU1"}}, {"args": [["q", [7]]], "op": {"type": "H"}}, {"args": [["q", [0]]], "op": {"type": "H"}}, {"args": [["q", [6]], ["q", [3]]], "op": {"params": ["1.0"], "type": "CU1"}}, {"args": [["q", [9]]], "op": {"type": "H"}}, {"args": [["q", [7]], ["q", [3]]], "op": {"params": ["1.0"], "type": "CU1"}}, {"args": [["q", [3]]], "op": {"type": "H"}}, {"args": [["q", [3]]], "op": {"params": ["0.1*1.0"], "type": "Rz"}}, {"args": [["q", [3]]], "op": {"type": "H"}}, {"args": [["q", [1]], ["q", [3]]], "op": {"params": ["1.0"], "type": "CU1"}}, {"args": [["q", [2]], ["q", [3]]], "op": {"params": ["1.0"], "type": "CU1"}}, {"args": [["q", [5]], ["q", [3]]], "op": {"params": ["1.0"], "type": "CU1"}}, {"args": [["q", [6]], ["q", [3]]], "op": {"params": ["1.0"], "type": "CU1"}}, {"args": [["q", [9]], ["q", [3]]], "op": {"params": ["1.0"], "type": "CU1"}}, {"args": [["q", [6]]], "op": {"type": "H"}}, {"args": [["q", [3]]], "op": {"type": "H"}}, {"args": [["q", [3]]], "op": {"params": ["0.1*-0.5"], "type": "Rz"}}, {"args": [["q", [3]]], "op": {"type": "H"}}, {"args": [["q", [0]], ["q", [3]]], "op": {"params": ["1.0"], "type": "CU1"}}, {"args": [["q", [5]], ["q", [3]]], "op": {"params": ["1.0"], "type": "CU1"}}, {"args": [["q", [7]], ["q", [3]]], "op": {"params": ["1.0"], "type": "CU1"}}, {"args": [["q", [8]], ["q", [3]]], "op": {"params": ["1.0"], "type": "CU1"}}, {"args": [["q", [7]]], "op": {"type": "H"}}, {"args": [["q", [9]], ["q", [3]]], "op": {"params": ["1.0"], "type": "CU1"}}, {"args": [["q", [3]]], "op": {"type": "H"}}, {"args": [["q", [9]]], "op": {"type": "H"}}, {"args": [["q", [3]]], "op": {"params": ["0.1*-1.0"], "type": "Rz"}}, {"args": [["q", [9]]], "op": {"params": ["-0.5"], "type": "Rz"}}, {"args": [["q", [3]]], "op": {"type": "H"}}, {"args": [["q", [3]]], "op": {"params": ["7.5"], "type": "Rz"}}, {"args": [["q", [5]], ["q", [3]]], "op": {"params": ["1.0"], "type": "CU1"}}, {"args": [["q", [8]], ["q", [3]]], "op": {"params": ["1.0"], "type": "CU1"}}, {"args": [["q", [1]], ["q", [3]]], "op": {"params": ["1.0"], "type": "CU1"}}, {"args": [["q", [8]]], "op": {"type": "H"}}, {"args": [["q", [0]], ["q", [3]]], "op": {"params": ["1.0"], "type": "CU1"}}, {"args": [["q", [1]]], "op": {"type": "H"}}, {"args": [["q", [0]]], "op": {"type": "H"}}, {"args": [["q", [1]]], "op": {"params": ["-3.5"], "type": "Rz"}}, {"args": [["q", [0]]], "op": {"params": ["-3.5"], "type": "Rz"}}, {"args": [["q", [0]], ["q", [9]]], "op": {"params": ["1.0"], "type": "CU1"}}, {"args": [["q", [0]], ["q", [7]]], "op": {"params": ["1.0"], "type": "CU1"}}, {"args": [["q", [0]], ["q", [3]]], "op": {"params": ["1.0"], "type": "CU1"}}, {"args": [["q", [3]]], "op": {"type": "H"}}, {"args": [["q", [1]], ["q", [3]]], "op": {"params": ["1.0"], "type": "CU1"}}, {"args": [["q", [1]], ["q", [7]]], "op": {"params": ["1.0"], "type": "CU1"}}, {"args": [["q", [3]]], "op": {"type": "H"}}, {"args": [["q", [1]], ["q", [9]]], "op": {"params": ["1.0"], "type": "CU1"}}, {"args": [["q", [7]]], "op": {"type": "H"}}, {"args": [["q", [1]]], "op": {"type": "H"}}, {"args": [["q", [9]]], "op": {"type": "H"}}, {"args": [["q", [1]]], "op": {"params": ["-3.5"], "type": "Rz"}}, {"args": [["q", [5]], ["q", [1]]], "op": {"params": ["1.0"], "type": "CU1"}}, {"args": [["q", [9]], ["q", [1]]], "op": {"params": ["1.0"], "type": "CU1"}}, {"args": [["q", [1]]], "op": {"type": "H"}}, {"args": [["q", [1]]], "op": {"params": ["0.1*-1.0"], "type": "Rz"}}, {"args": [["q", [1]]], "op": {"type": "H"}}, {"args": [["q", [3]], ["q", [1]]], "op": {"params": ["1.0"], "type": "CU1"}}, {"args": [["q", [5]], ["q", [1]]], "op": {"params": ["1.0"], "type": "CU1"}}, {"args": [["q", [6]], ["q", [1]]], "op": {"params": ["1.0"], "type": "CU1"}}, {"args": [["q", [7]], ["q", [1]]], "op": {"params": ["1.0"], "type": "CU1"}}, {"args": [["q", [1]]], "op": {"type": "H"}}, {"args": [["q", [1]]], "op": {"params": ["0.1*0.5"], "type": "Rz"}}, {"args": [["q", [1]]], "op": {"type": "H"}}, {"args": [["q", [0]], ["q", [1]]], "op": {"params": ["1.0"], "type": "CU1"}}, {"args": [["q", [3]], ["q", [1]]], "op": {"params": ["1.0"], "type": "CU1"}}, {"args": [["q", [5]], ["q", [1]]], "op": {"params": ["1.0"], "type": "CU1"}}, {"args": [["q", [3]]], "op": {"type": "H"}}, {"args": [["q", [6]], ["q", [1]]], "op": {"params": ["1.0"], "type": "CU1"}}, {"args": [["q", [3]]], "op": {"params": ["-0.5"], "type": "Rz"}}, {"args": [["q", [7]], ["q", [1]]], "op": {"params": ["1.0"], "type": "CU1"}}, {"args": [["q", [6]]], "op": {"type": "H"}}, {"args": [["q", [8]], ["q", [1]]], "op": {"params": ["1.0"], "type": "CU1"}}, {"args": [["q", [7]]], "op": {"type": "H"}}, {"args": [["q", [9]], ["q", [1]]], "op": {"params": ["1.0"], "type": "CU1"}}, {"args": [["q", [7]]], "op": {"params": ["-0.5"], "type": "Rz"}}, {"args": [["q", [1]]], "op": {"type": "H"}}, {"args": [["q", [9]]], "op": {"type": "H"}}, {"args": [["q", [1]]], "op": {"params": ["0.1*-1.0"], "type": "Rz"}}, {"args": [["q", [9]]], "op": {"params": ["-1.5"], "type": "Rz"}}, {"args": [["q", [1]]], "op": {"type": "H"}}, {"args": [["q", [1]]], "op": {"params": ["5.5"], "type": "Rz"}}, {"args": [["q", [5]], ["q", [1]]], "op": {"params": ["1.0"], "type": "CU1"}}, {"args": [["q", [8]], ["q", [1]]], "op": {"params": ["1.0"], "type": "CU1"}}, {"args": [["q", [0]], ["q", [1]]], "op": {"params": ["1.0"], "type": "CU1"}}, {"args": [["q", [1]]], "op": {"type": "H"}}, {"args": [["q", [1]]], "op": {"params": ["1.5"], "type": "Rz"}}, {"args": [["q", [1]], ["q", [9]]], "op": {"params": ["1.0"], "type": "CU1"}}, {"args": [["q", [1]], ["q", [7]]], "op": {"params": ["1.0"], "type": "CU1"}}, {"args": [["q", [9]]], "op": {"type": "H"}}, {"args": [["q", [1]], ["q", [3]]], "op": {"params": ["1.0"], "type": "CU1"}}, {"args": [["q", [5]], ["q", [7]]], "op": {"params": ["1.0"], "type": "CU1"}}, {"args": [["q", [9]]], "op": {"params": ["-1.5"], "type": "Rz"}}, {"args": [["q", [1]]], "op": {"type": "H"}}, {"args": [["q", [3]]], "op": {"type": "H"}}, {"args": [["q", [7]]], "op": {"type": "H"}}, {"args": [["q", [9]], ["q", [8]]], "op": {"params": ["1.0"], "type": "CU1"}}, {"args": [["q", [1]], ["q", [0]]], "op": {"params": ["1.0"], "type": "CU1"}}, {"args": [["q", [3]]], "op": {"params": ["-0.5"], "type": "Rz"}}, {"args": [["q", [7]]], "op": {"params": ["-1/2"], "type": "Rz"}}, {"args": [["q", [8]]], "op": {"type": "H"}}, {"args": [["q", [9]]], "op": {"type": "H"}}, {"args": [["q", [0]]], "op": {"type": "H"}}, {"args": [["q", [1]]], "op": {"type": "H"}}, {"args": [["q", [7]], ["q", [3]]], "op": {"params": ["1.0"], "type": "CU1"}}, {"args": [["q", [8]]], "op": {"params": ["1.5"], "type": "Rz"}}, {"args": [["q", [0]]], "op": {"params": ["1.5"], "type": "Rz"}}, {"args": [["q", [3]]], "op": {"type": "H"}}, {"args": [["q", [7]]], "op": {"type": "H"}}, {"args": [["q", [9]], ["q", [8]]], "op": {"params": ["1.0"], "type": "CU1"}}, {"args": [["q", [1]], ["q", [0]]], "op": {"params": ["1.0"], "type": "CU1"}}, {"args": [["q", [3]]], "op": {"params": ["0.1*-1.0"], "type": "Rz"}}, {"args": [["q", [7]], ["q", [6]]], "op": {"params": ["1.0"], "type": "CU1"}}, {"args": [["q", [8]]], "op": {"type": "H"}}, {"args": [["q", [0]]], "op": {"type": "H"}}, {"args": [["q", [3]]], "op": {"type": "H"}}, {"args": [["q", [6]]], "op": {"type": "H"}}, {"args": [["q", [8]]], "op": {"params": ["1.5"], "type": "Rz"}}, {"args": [["q", [0]]], "op": {"params": ["4.5"], "type": "Rz"}}, {"args": [["q", [6]], ["q", [2]]], "op": {"params": ["1.0"], "type": "CU1"}}, {"args": [["q", [3]]], "op": {"params": ["2.5"], "type": "Rz"}}, {"args": [["q", [9]], ["q", [8]]], "op": {"params": ["1.0"], "type": "CU1"}}, {"args": [["q", [1]], ["q", [0]]], "op": {"params": ["1.0"], "type": "CU1"}}, {"args": [["q", [2]]], "op": {"type": "H"}}, {"args": [["q", [8]]], "op": {"type": "H"}}, {"args": [["q", [0]]], "op": {"type": "H"}}, {"args": [["q", [1]]], "op": {"type": "H"}}, {"args": [["q", [2]]], "op": {"params": ["0.1*-1.0"], "type": "Rz"}}, {"args": [["q", [1]]], "op": {"params": ["1.0"], "type": "Rz"}}, {"args": [["q", [2]]], "op": {"type": "H"}}, {"args": [["q", [1]]], "op": {"type": "H"}}, {"args": [["q", [6]], ["q", [2]]], "op": {"params": ["1.0"], "type": "CU1"}}, {"args": [["q", [2]]], "op": {"type": "H"}}, {"args": [["q", [6]]], "op": {"type": "H"}}, {"args": [["q", [7]], ["q", [6]]], "op": {"params": ["1.0"], "type": "CU1"}}, {"args": [["q", [6]]], "op": {"type": "H"}}, {"args": [["q", [7]]], "op": {"type": "H"}}, {"args": [["q", [7]]], "op": {"params": ["1/2"], "type": "Rz"}}, {"args": [["q", [7]], ["q", [3]]], "op": {"params": ["1.0"], "type": "CU1"}}, {"args": [["q", [3]], ["q", [2]]], "op": {"params": ["1.0"], "type": "CU1"}}, {"args": [["q", [7]]], "op": {"type": "H"}}, {"args": [["q", [2]]], "op": {"type": "H"}}, {"args": [["q", [3]]], "op": {"type": "H"}}, {"args": [["q", [5]], ["q", [7]]], "op": {"params": ["1.0"], "type": "CU1"}}, {"args": [["q", [2]]], "op": {"params": ["1.5"], "type": "Rz"}}, {"args": [["q", [5]]], "op": {"type": "H"}}, {"args": [["q", [7]]], "op": {"type": "H"}}, {"args": [["q", [3]], ["q", [2]]], "op": {"params": ["1.0"], "type": "CU1"}}, {"args": [["q", [5]], ["q", [4]]], "op": {"params": ["1.0"], "type": "CU1"}}, {"args": [["q", [7]], ["q", [6]]], "op": {"params": ["1.0"], "type": "CU1"}}, {"args": [["q", [2]]], "op": {"type": "H"}}, {"args": [["q", [4]]], "op": {"type": "H"}}, {"args": [["q", [5]]], "op": {"type": "H"}}, {"args": [["q", [6]]], "op": {"type": "H"}}, {"args": [["q", [7]]], "op": {"type": "H"}}, {"args": [["q", [2]]], "op": {"params": ["4.5"], "type": "Rz"}}, {"args": [["q", [4]]], "op": {"params": ["1.5"], "type": "Rz"}}, {"args": [["q", [6]]], "op": {"params": ["1.5"], "type": "Rz"}}, {"args": [["q", [3]], ["q", [2]]], "op": {"params": ["1.0"], "type": "CU1"}}, {"args": [["q", [5]], ["q", [4]]], "op": {"params": ["1.0"], "type": "CU1"}}, {"args": [["q", [7]], ["q", [6]]], "op": {"params": ["1.0"], "type": "CU1"}}, {"args": [["q", [2]]], "op": {"type": "H"}}, {"args": [["q", [3]]], "op": {"type": "H"}}, {"args": [["q", [4]]], "op": {"type": "H"}}, {"args": [["q", [6]]], "op": {"type": "H"}}, {"args": [["q", [3]]], "op": {"params": ["1.0"], "type": "Rz"}}, {"args": [["q", [4]]], "op": {"params": ["4.5"], "type": "Rz"}}, {"args": [["q", [6]]], "op": {"params": ["1.5"], "type": "Rz"}}, {"args": [["q", [3]]], "op": {"type": "H"}}, {"args": [["q", [5]], ["q", [4]]], "op": {"params": ["1.0"], "type": "CU1"}}, {"args": [["q", [7]], ["q", [6]]], "op": {"params": ["1.0"], "type": "CU1"}}, {"args": [["q", [4]]], "op": {"type": "H"}}, {"args": [["q", [5]]], "op": {"type": "H"}}, {"args": [["q", [6]]], "op": {"type": "H"}}, {"args": [["q", [5]]], "op": {"params": ["1.0"], "type": "Rz"}}, {"args": [["q", [5]]], "op": {"type": "H"}}], "created_qubits": [], "discarded_qubits": [], "implicit_permutation": [[["q", [0]], ["q", [0]]], [["q", [1]], ["q", [1]]], [["q", [2]], ["q", [2]]], [["q", [3]], ["q", [3]]], [["q", [4]], ["q", [4]]], [["q", [5]], ["q", [5]]], [["q", [6]], ["q", [6]]], [["q", [7]], ["q", [7]]], [["q", [8]], ["q", [8]]], [["q", [9]], ["q", [9]]]], "phase": "0.5", "qubits": [["q", [0]], ["q", [1]], ["q", [2]], ["q", [3]], ["q", [4]], ["q", [5]], ["q", [6]], ["q", [7]], ["q", [8]], ["q", [9]]]}